"zielkreis_ags","zielkreis","p_x18_bis_24_jahre","tooltip"
"01001","Flensburg, Stadt",54.5304971206957,"Hier leben rund <b>  8510 deutsche Personen</b> zwischen 18 und 24 Jahren. Zwischen 2022 und 2024 sind <b> 1392 mehr 18- bis 24-Jährige</b> zugezogen als fortgezogen. Das entspricht einem durchschnittlichen jährlichen Wanderungssaldo von <b>+54,5 je 1.000 Personen</b>."
"01002","Kiel, Landeshauptstadt",87.9257144505003,"Hier leben rund <b> 23 120 deutsche Personen</b> zwischen 18 und 24 Jahren. Zwischen 2022 und 2024 sind <b> 6098 mehr 18- bis 24-Jährige</b> zugezogen als fortgezogen. Das entspricht einem durchschnittlichen jährlichen Wanderungssaldo von <b>+87,9 je 1.000 Personen</b>."
"01003","Lübeck, Hansestadt",33.9104853017135,"Hier leben rund <b> 14 840 deutsche Personen</b> zwischen 18 und 24 Jahren. Zwischen 2022 und 2024 sind <b> 1510 mehr 18- bis 24-Jährige</b> zugezogen als fortgezogen. Das entspricht einem durchschnittlichen jährlichen Wanderungssaldo von <b>+33,9 je 1.000 Personen</b>."
"01004","Neumünster, Stadt",-6.86760778328882,"Hier leben rund <b>  5240 deutsche Personen</b> zwischen 18 und 24 Jahren. Zwischen 2022 und 2024 sind <b>  108 mehr 18- bis 24-Jährige</b> fortgezogen als zugezogen. Das entspricht einem durchschnittlichen jährlichen Wanderungssaldo von <b>-6,9 je 1.000 Personen</b>."
"10041","Regionalverband Saarbrücken",10.8196958202377,"Hier leben rund <b> 18 450 deutsche Personen</b> zwischen 18 und 24 Jahren. Zwischen 2022 und 2024 sind <b>  599 mehr 18- bis 24-Jährige</b> zugezogen als fortgezogen. Das entspricht einem durchschnittlichen jährlichen Wanderungssaldo von <b>+10,8 je 1.000 Personen</b>."
"10042","Merzig-Wadern",-26.2755380749481,"Hier leben rund <b>  6100 deutsche Personen</b> zwischen 18 und 24 Jahren. Zwischen 2022 und 2024 sind <b>  481 mehr 18- bis 24-Jährige</b> fortgezogen als zugezogen. Das entspricht einem durchschnittlichen jährlichen Wanderungssaldo von <b>-26,3 je 1.000 Personen</b>."
"10043","Neunkirchen",-9.78455169818421,"Hier leben rund <b>  7090 deutsche Personen</b> zwischen 18 und 24 Jahren. Zwischen 2022 und 2024 sind <b>  208 mehr 18- bis 24-Jährige</b> fortgezogen als zugezogen. Das entspricht einem durchschnittlichen jährlichen Wanderungssaldo von <b>-9,8 je 1.000 Personen</b>."
"10044","Saarlouis",-19.046753875969,"Hier leben rund <b> 11 010 deutsche Personen</b> zwischen 18 und 24 Jahren. Zwischen 2022 und 2024 sind <b>  629 mehr 18- bis 24-Jährige</b> fortgezogen als zugezogen. Das entspricht einem durchschnittlichen jährlichen Wanderungssaldo von <b>-19,0 je 1.000 Personen</b>."
"10045","Saarpfalz-Kreis",-4.62731365682841,"Hier leben rund <b>  8000 deutsche Personen</b> zwischen 18 und 24 Jahren. Zwischen 2022 und 2024 sind <b>  111 mehr 18- bis 24-Jährige</b> fortgezogen als zugezogen. Das entspricht einem durchschnittlichen jährlichen Wanderungssaldo von <b>-4,6 je 1.000 Personen</b>."
"10046","St. Wendel",-30.6595365418895,"Hier leben rund <b>  4680 deutsche Personen</b> zwischen 18 und 24 Jahren. Zwischen 2022 und 2024 sind <b>  430 mehr 18- bis 24-Jährige</b> fortgezogen als zugezogen. Das entspricht einem durchschnittlichen jährlichen Wanderungssaldo von <b>-30,7 je 1.000 Personen</b>."
"01051","Dithmarschen",-29.6296296296296,"Hier leben rund <b>  8420 deutsche Personen</b> zwischen 18 und 24 Jahren. Zwischen 2022 und 2024 sind <b>  748 mehr 18- bis 24-Jährige</b> fortgezogen als zugezogen. Das entspricht einem durchschnittlichen jährlichen Wanderungssaldo von <b>-29,6 je 1.000 Personen</b>."
"01053","Herzogtum Lauenburg",-38.9685143613653,"Hier leben rund <b> 11 580 deutsche Personen</b> zwischen 18 und 24 Jahren. Zwischen 2022 und 2024 sind <b> 1354 mehr 18- bis 24-Jährige</b> fortgezogen als zugezogen. Das entspricht einem durchschnittlichen jährlichen Wanderungssaldo von <b>-39,0 je 1.000 Personen</b>."
"01054","Nordfriesland",-32.4586977648202,"Hier leben rund <b> 10 290 deutsche Personen</b> zwischen 18 und 24 Jahren. Zwischen 2022 und 2024 sind <b> 1002 mehr 18- bis 24-Jährige</b> fortgezogen als zugezogen. Das entspricht einem durchschnittlichen jährlichen Wanderungssaldo von <b>-32,5 je 1.000 Personen</b>."
"01055","Ostholstein",-41.2979351032448,"Hier leben rund <b> 10 280 deutsche Personen</b> zwischen 18 und 24 Jahren. Zwischen 2022 und 2024 sind <b> 1274 mehr 18- bis 24-Jährige</b> fortgezogen als zugezogen. Das entspricht einem durchschnittlichen jährlichen Wanderungssaldo von <b>-41,3 je 1.000 Personen</b>."
"01056","Pinneberg",-24.6832678025339,"Hier leben rund <b> 18 310 deutsche Personen</b> zwischen 18 und 24 Jahren. Zwischen 2022 und 2024 sind <b> 1356 mehr 18- bis 24-Jährige</b> fortgezogen als zugezogen. Das entspricht einem durchschnittlichen jährlichen Wanderungssaldo von <b>-24,7 je 1.000 Personen</b>."
"01057","Plön",-56.9317687961756,"Hier leben rund <b>  6900 deutsche Personen</b> zwischen 18 und 24 Jahren. Zwischen 2022 und 2024 sind <b> 1179 mehr 18- bis 24-Jährige</b> fortgezogen als zugezogen. Das entspricht einem durchschnittlichen jährlichen Wanderungssaldo von <b>-56,9 je 1.000 Personen</b>."
"01058","Rendsburg-Eckernförde",-50.6280310870315,"Hier leben rund <b> 16 430 deutsche Personen</b> zwischen 18 und 24 Jahren. Zwischen 2022 und 2024 sind <b> 2495 mehr 18- bis 24-Jährige</b> fortgezogen als zugezogen. Das entspricht einem durchschnittlichen jährlichen Wanderungssaldo von <b>-50,6 je 1.000 Personen</b>."
"01059","Schleswig-Flensburg",-38.173779969393,"Hier leben rund <b> 11 760 deutsche Personen</b> zwischen 18 und 24 Jahren. Zwischen 2022 und 2024 sind <b> 1347 mehr 18- bis 24-Jährige</b> fortgezogen als zugezogen. Das entspricht einem durchschnittlichen jährlichen Wanderungssaldo von <b>-38,2 je 1.000 Personen</b>."
"01060","Segeberg",-29.0559447916009,"Hier leben rund <b> 15 840 deutsche Personen</b> zwischen 18 und 24 Jahren. Zwischen 2022 und 2024 sind <b> 1381 mehr 18- bis 24-Jährige</b> fortgezogen als zugezogen. Das entspricht einem durchschnittlichen jährlichen Wanderungssaldo von <b>-29,1 je 1.000 Personen</b>."
"01061","Steinburg",-31.0588438011545,"Hier leben rund <b>  7740 deutsche Personen</b> zwischen 18 und 24 Jahren. Zwischen 2022 und 2024 sind <b>  721 mehr 18- bis 24-Jährige</b> fortgezogen als zugezogen. Das entspricht einem durchschnittlichen jährlichen Wanderungssaldo von <b>-31,1 je 1.000 Personen</b>."
"01062","Stormarn",-51.8430025635282,"Hier leben rund <b> 13 390 deutsche Personen</b> zwischen 18 und 24 Jahren. Zwischen 2022 und 2024 sind <b> 2083 mehr 18- bis 24-Jährige</b> fortgezogen als zugezogen. Das entspricht einem durchschnittlichen jährlichen Wanderungssaldo von <b>-51,8 je 1.000 Personen</b>."
"11000","Berlin, Stadt",31.2272219571157,"Hier leben rund <b>190 700 deutsche Personen</b> zwischen 18 und 24 Jahren. Zwischen 2022 und 2024 sind <b>17 865 mehr 18- bis 24-Jährige</b> zugezogen als fortgezogen. Das entspricht einem durchschnittlichen jährlichen Wanderungssaldo von <b>+31,2 je 1.000 Personen</b>."
"12051","Brandenburg an der Havel, Stadt",42.2885572139303,"Hier leben rund <b>  3750 deutsche Personen</b> zwischen 18 und 24 Jahren. Zwischen 2022 und 2024 sind <b>  476 mehr 18- bis 24-Jährige</b> zugezogen als fortgezogen. Das entspricht einem durchschnittlichen jährlichen Wanderungssaldo von <b>+42,3 je 1.000 Personen</b>."
"12052","Cottbus, Stadt",24.2585889375754,"Hier leben rund <b>  5250 deutsche Personen</b> zwischen 18 und 24 Jahren. Zwischen 2022 und 2024 sind <b>  382 mehr 18- bis 24-Jährige</b> zugezogen als fortgezogen. Das entspricht einem durchschnittlichen jährlichen Wanderungssaldo von <b>+24,3 je 1.000 Personen</b>."
"12053","Frankfurt (Oder), Stadt",9.06056270863138,"Hier leben rund <b>  2800 deutsche Personen</b> zwischen 18 und 24 Jahren. Zwischen 2022 und 2024 sind <b>   76 mehr 18- bis 24-Jährige</b> zugezogen als fortgezogen. Das entspricht einem durchschnittlichen jährlichen Wanderungssaldo von <b>+9,1 je 1.000 Personen</b>."
"12054","Potsdam, Stadt",39.6360136494881,"Hier leben rund <b> 11 430 deutsche Personen</b> zwischen 18 und 24 Jahren. Zwischen 2022 und 2024 sind <b> 1359 mehr 18- bis 24-Jährige</b> zugezogen als fortgezogen. Das entspricht einem durchschnittlichen jährlichen Wanderungssaldo von <b>+39,6 je 1.000 Personen</b>."
"12060","Barnim",-14.3470402169001,"Hier leben rund <b>  8850 deutsche Personen</b> zwischen 18 und 24 Jahren. Zwischen 2022 und 2024 sind <b>  381 mehr 18- bis 24-Jährige</b> fortgezogen als zugezogen. Das entspricht einem durchschnittlichen jährlichen Wanderungssaldo von <b>-14,3 je 1.000 Personen</b>."
"12061","Dahme-Spreewald",-15.4793743415188,"Hier leben rund <b>  8230 deutsche Personen</b> zwischen 18 und 24 Jahren. Zwischen 2022 und 2024 sind <b>  382 mehr 18- bis 24-Jährige</b> fortgezogen als zugezogen. Das entspricht einem durchschnittlichen jährlichen Wanderungssaldo von <b>-15,5 je 1.000 Personen</b>."
"12062","Elbe-Elster",-46.9460285974047,"Hier leben rund <b>  4030 deutsche Personen</b> zwischen 18 und 24 Jahren. Zwischen 2022 und 2024 sind <b>  568 mehr 18- bis 24-Jährige</b> fortgezogen als zugezogen. Das entspricht einem durchschnittlichen jährlichen Wanderungssaldo von <b>-46,9 je 1.000 Personen</b>."
"12063","Havelland",-28.3075991522858,"Hier leben rund <b>  8810 deutsche Personen</b> zwischen 18 und 24 Jahren. Zwischen 2022 und 2024 sind <b>  748 mehr 18- bis 24-Jährige</b> fortgezogen als zugezogen. Das entspricht einem durchschnittlichen jährlichen Wanderungssaldo von <b>-28,3 je 1.000 Personen</b>."
"12064","Märkisch-Oderland",-38.5939912124451,"Hier leben rund <b>  8420 deutsche Personen</b> zwischen 18 und 24 Jahren. Zwischen 2022 und 2024 sind <b>  975 mehr 18- bis 24-Jährige</b> fortgezogen als zugezogen. Das entspricht einem durchschnittlichen jährlichen Wanderungssaldo von <b>-38,6 je 1.000 Personen</b>."
"12065","Oberhavel",-29.5506100177794,"Hier leben rund <b> 10 870 deutsche Personen</b> zwischen 18 und 24 Jahren. Zwischen 2022 und 2024 sind <b>  964 mehr 18- bis 24-Jährige</b> fortgezogen als zugezogen. Das entspricht einem durchschnittlichen jährlichen Wanderungssaldo von <b>-29,6 je 1.000 Personen</b>."
"12066","Oberspreewald-Lausitz",-27.7659120034173,"Hier leben rund <b>  4680 deutsche Personen</b> zwischen 18 und 24 Jahren. Zwischen 2022 und 2024 sind <b>  390 mehr 18- bis 24-Jährige</b> fortgezogen als zugezogen. Das entspricht einem durchschnittlichen jährlichen Wanderungssaldo von <b>-27,8 je 1.000 Personen</b>."
"12067","Oder-Spree",-31.916777335104,"Hier leben rund <b>  7530 deutsche Personen</b> zwischen 18 und 24 Jahren. Zwischen 2022 und 2024 sind <b>  721 mehr 18- bis 24-Jährige</b> fortgezogen als zugezogen. Das entspricht einem durchschnittlichen jährlichen Wanderungssaldo von <b>-31,9 je 1.000 Personen</b>."
"12068","Ostprignitz-Ruppin",-11.9956379498364,"Hier leben rund <b>  4580 deutsche Personen</b> zwischen 18 und 24 Jahren. Zwischen 2022 und 2024 sind <b>  165 mehr 18- bis 24-Jährige</b> fortgezogen als zugezogen. Das entspricht einem durchschnittlichen jährlichen Wanderungssaldo von <b>-12,0 je 1.000 Personen</b>."
"12069","Potsdam-Mittelmark",-51.2484803142243,"Hier leben rund <b> 10 690 deutsche Personen</b> zwischen 18 und 24 Jahren. Zwischen 2022 und 2024 sind <b> 1644 mehr 18- bis 24-Jährige</b> fortgezogen als zugezogen. Das entspricht einem durchschnittlichen jährlichen Wanderungssaldo von <b>-51,2 je 1.000 Personen</b>."
"12070","Prignitz",-26.6785678865417,"Hier leben rund <b>  3360 deutsche Personen</b> zwischen 18 und 24 Jahren. Zwischen 2022 und 2024 sind <b>  269 mehr 18- bis 24-Jährige</b> fortgezogen als zugezogen. Das entspricht einem durchschnittlichen jährlichen Wanderungssaldo von <b>-26,7 je 1.000 Personen</b>."
"12071","Spree-Neiße",-55.1772716600141,"Hier leben rund <b>  4260 deutsche Personen</b> zwischen 18 und 24 Jahren. Zwischen 2022 und 2024 sind <b>  705 mehr 18- bis 24-Jährige</b> fortgezogen als zugezogen. Das entspricht einem durchschnittlichen jährlichen Wanderungssaldo von <b>-55,2 je 1.000 Personen</b>."
"12072","Teltow-Fläming",-23.272131914396,"Hier leben rund <b>  8550 deutsche Personen</b> zwischen 18 und 24 Jahren. Zwischen 2022 und 2024 sind <b>  597 mehr 18- bis 24-Jährige</b> fortgezogen als zugezogen. Das entspricht einem durchschnittlichen jährlichen Wanderungssaldo von <b>-23,3 je 1.000 Personen</b>."
"12073","Uckermark",-31.9072735560331,"Hier leben rund <b>  5120 deutsche Personen</b> zwischen 18 und 24 Jahren. Zwischen 2022 und 2024 sind <b>  490 mehr 18- bis 24-Jährige</b> fortgezogen als zugezogen. Das entspricht einem durchschnittlichen jährlichen Wanderungssaldo von <b>-31,9 je 1.000 Personen</b>."
"13003","Rostock",77.6937696248554,"Hier leben rund <b> 16 140 deutsche Personen</b> zwischen 18 und 24 Jahren. Zwischen 2022 und 2024 sind <b> 3761 mehr 18- bis 24-Jährige</b> zugezogen als fortgezogen. Das entspricht einem durchschnittlichen jährlichen Wanderungssaldo von <b>+77,7 je 1.000 Personen</b>."
"13004","Schwerin",19.5937443825274,"Hier leben rund <b>  5560 deutsche Personen</b> zwischen 18 und 24 Jahren. Zwischen 2022 und 2024 sind <b>  327 mehr 18- bis 24-Jährige</b> zugezogen als fortgezogen. Das entspricht einem durchschnittlichen jährlichen Wanderungssaldo von <b>+19,6 je 1.000 Personen</b>."
"13071","Mecklenburgische Seenplatte",-36.376416835076,"Hier leben rund <b> 11 380 deutsche Personen</b> zwischen 18 und 24 Jahren. Zwischen 2022 und 2024 sind <b> 1242 mehr 18- bis 24-Jährige</b> fortgezogen als zugezogen. Das entspricht einem durchschnittlichen jährlichen Wanderungssaldo von <b>-36,4 je 1.000 Personen</b>."
"13072","Landkreis Rostock",-62.14174543522,"Hier leben rund <b>  8780 deutsche Personen</b> zwischen 18 und 24 Jahren. Zwischen 2022 und 2024 sind <b> 1637 mehr 18- bis 24-Jährige</b> fortgezogen als zugezogen. Das entspricht einem durchschnittlichen jährlichen Wanderungssaldo von <b>-62,1 je 1.000 Personen</b>."
"13073","Vorpommern-Rügen",-33.7231341415442,"Hier leben rund <b>  9320 deutsche Personen</b> zwischen 18 und 24 Jahren. Zwischen 2022 und 2024 sind <b>  943 mehr 18- bis 24-Jährige</b> fortgezogen als zugezogen. Das entspricht einem durchschnittlichen jährlichen Wanderungssaldo von <b>-33,7 je 1.000 Personen</b>."
"13074","Nordwestmecklenburg",-34.7312668229574,"Hier leben rund <b>  7680 deutsche Personen</b> zwischen 18 und 24 Jahren. Zwischen 2022 und 2024 sind <b>  800 mehr 18- bis 24-Jährige</b> fortgezogen als zugezogen. Das entspricht einem durchschnittlichen jährlichen Wanderungssaldo von <b>-34,7 je 1.000 Personen</b>."
"13075","Vorpommern-Greifswald",10.6020739823557,"Hier leben rund <b> 12 920 deutsche Personen</b> zwischen 18 und 24 Jahren. Zwischen 2022 und 2024 sind <b>  411 mehr 18- bis 24-Jährige</b> zugezogen als fortgezogen. Das entspricht einem durchschnittlichen jährlichen Wanderungssaldo von <b>+10,6 je 1.000 Personen</b>."
"13076","Ludwigslust-Parchim",-50.5248586918906,"Hier leben rund <b>  8670 deutsche Personen</b> zwischen 18 und 24 Jahren. Zwischen 2022 und 2024 sind <b> 1314 mehr 18- bis 24-Jährige</b> fortgezogen als zugezogen. Das entspricht einem durchschnittlichen jährlichen Wanderungssaldo von <b>-50,5 je 1.000 Personen</b>."
"14511","Chemnitz, Stadt",32.5083784480536,"Hier leben rund <b> 12 930 deutsche Personen</b> zwischen 18 und 24 Jahren. Zwischen 2022 und 2024 sind <b> 1261 mehr 18- bis 24-Jährige</b> zugezogen als fortgezogen. Das entspricht einem durchschnittlichen jährlichen Wanderungssaldo von <b>+32,5 je 1.000 Personen</b>."
"14521","Erzgebirgskreis",-40.582199321795,"Hier leben rund <b> 15 140 deutsche Personen</b> zwischen 18 und 24 Jahren. Zwischen 2022 und 2024 sind <b> 1843 mehr 18- bis 24-Jährige</b> fortgezogen als zugezogen. Das entspricht einem durchschnittlichen jährlichen Wanderungssaldo von <b>-40,6 je 1.000 Personen</b>."
"14522","Mittelsachsen",-31.5835581068308,"Hier leben rund <b> 14 460 deutsche Personen</b> zwischen 18 und 24 Jahren. Zwischen 2022 und 2024 sind <b> 1370 mehr 18- bis 24-Jährige</b> fortgezogen als zugezogen. Das entspricht einem durchschnittlichen jährlichen Wanderungssaldo von <b>-31,6 je 1.000 Personen</b>."
"14523","Vogtlandkreis",-30.8214662447257,"Hier leben rund <b> 10 110 deutsche Personen</b> zwischen 18 und 24 Jahren. Zwischen 2022 und 2024 sind <b>  935 mehr 18- bis 24-Jährige</b> fortgezogen als zugezogen. Das entspricht einem durchschnittlichen jährlichen Wanderungssaldo von <b>-30,8 je 1.000 Personen</b>."
"14524","Zwickau",-30.5355500213143,"Hier leben rund <b> 14 860 deutsche Personen</b> zwischen 18 und 24 Jahren. Zwischen 2022 und 2024 sind <b> 1361 mehr 18- bis 24-Jährige</b> fortgezogen als zugezogen. Das entspricht einem durchschnittlichen jährlichen Wanderungssaldo von <b>-30,5 je 1.000 Personen</b>."
"14612","Dresden, Stadt",60.3575446930866,"Hier leben rund <b> 40 000 deutsche Personen</b> zwischen 18 und 24 Jahren. Zwischen 2022 und 2024 sind <b> 7242 mehr 18- bis 24-Jährige</b> zugezogen als fortgezogen. Das entspricht einem durchschnittlichen jährlichen Wanderungssaldo von <b>+60,4 je 1.000 Personen</b>."
"14625","Bautzen",-46.3102409638554,"Hier leben rund <b> 13 280 deutsche Personen</b> zwischen 18 und 24 Jahren. Zwischen 2022 und 2024 sind <b> 1845 mehr 18- bis 24-Jährige</b> fortgezogen als zugezogen. Das entspricht einem durchschnittlichen jährlichen Wanderungssaldo von <b>-46,3 je 1.000 Personen</b>."
"14626","Görlitz",-39.0521097811631,"Hier leben rund <b> 11 030 deutsche Personen</b> zwischen 18 und 24 Jahren. Zwischen 2022 und 2024 sind <b> 1292 mehr 18- bis 24-Jährige</b> fortgezogen als zugezogen. Das entspricht einem durchschnittlichen jährlichen Wanderungssaldo von <b>-39,1 je 1.000 Personen</b>."
"14627","Meißen",-44.1521551191799,"Hier leben rund <b> 10 800 deutsche Personen</b> zwischen 18 und 24 Jahren. Zwischen 2022 und 2024 sind <b> 1430 mehr 18- bis 24-Jährige</b> fortgezogen als zugezogen. Das entspricht einem durchschnittlichen jährlichen Wanderungssaldo von <b>-44,2 je 1.000 Personen</b>."
"14628","Sächsische Schweiz-Osterzgebirge",-37.8397273442279,"Hier leben rund <b> 11 440 deutsche Personen</b> zwischen 18 und 24 Jahren. Zwischen 2022 und 2024 sind <b> 1299 mehr 18- bis 24-Jährige</b> fortgezogen als zugezogen. Das entspricht einem durchschnittlichen jährlichen Wanderungssaldo von <b>-37,8 je 1.000 Personen</b>."
"14713","Leipzig, Stadt",89.7739914514901,"Hier leben rund <b> 45 540 deutsche Personen</b> zwischen 18 und 24 Jahren. Zwischen 2022 und 2024 sind <b>12 266 mehr 18- bis 24-Jährige</b> zugezogen als fortgezogen. Das entspricht einem durchschnittlichen jährlichen Wanderungssaldo von <b>+89,8 je 1.000 Personen</b>."
"14729","Leipzig, Landkreis",-36.7768236620696,"Hier leben rund <b> 11 530 deutsche Personen</b> zwischen 18 und 24 Jahren. Zwischen 2022 und 2024 sind <b> 1272 mehr 18- bis 24-Jährige</b> fortgezogen als zugezogen. Das entspricht einem durchschnittlichen jährlichen Wanderungssaldo von <b>-36,8 je 1.000 Personen</b>."
"14730","Nordsachsen",-30.0969791550552,"Hier leben rund <b>  8970 deutsche Personen</b> zwischen 18 und 24 Jahren. Zwischen 2022 und 2024 sind <b>  810 mehr 18- bis 24-Jährige</b> fortgezogen als zugezogen. Das entspricht einem durchschnittlichen jährlichen Wanderungssaldo von <b>-30,1 je 1.000 Personen</b>."
"15001","Dessau-Roßlau, Stadt",-12.9950495049505,"Hier leben rund <b>  3230 deutsche Personen</b> zwischen 18 und 24 Jahren. Zwischen 2022 und 2024 sind <b>  126 mehr 18- bis 24-Jährige</b> fortgezogen als zugezogen. Das entspricht einem durchschnittlichen jährlichen Wanderungssaldo von <b>-13,0 je 1.000 Personen</b>."
"15002","Halle (Saale), Stadt",47.1506812970228,"Hier leben rund <b> 17 590 deutsche Personen</b> zwischen 18 und 24 Jahren. Zwischen 2022 und 2024 sind <b> 2488 mehr 18- bis 24-Jährige</b> zugezogen als fortgezogen. Das entspricht einem durchschnittlichen jährlichen Wanderungssaldo von <b>+47,2 je 1.000 Personen</b>."
"15003","Magdeburg, Landeshauptstadt",47.0548904072379,"Hier leben rund <b> 15 950 deutsche Personen</b> zwischen 18 und 24 Jahren. Zwischen 2022 und 2024 sind <b> 2252 mehr 18- bis 24-Jährige</b> zugezogen als fortgezogen. Das entspricht einem durchschnittlichen jährlichen Wanderungssaldo von <b>+47,1 je 1.000 Personen</b>."
"15081","Altmarkkreis Salzwedel",-41.7447150120417,"Hier leben rund <b>  3740 deutsche Personen</b> zwischen 18 und 24 Jahren. Zwischen 2022 und 2024 sind <b>  468 mehr 18- bis 24-Jährige</b> fortgezogen als zugezogen. Das entspricht einem durchschnittlichen jährlichen Wanderungssaldo von <b>-41,7 je 1.000 Personen</b>."
"15082","Anhalt-Bitterfeld",-27.6685817961899,"Hier leben rund <b>  6610 deutsche Personen</b> zwischen 18 und 24 Jahren. Zwischen 2022 und 2024 sind <b>  549 mehr 18- bis 24-Jährige</b> fortgezogen als zugezogen. Das entspricht einem durchschnittlichen jährlichen Wanderungssaldo von <b>-27,7 je 1.000 Personen</b>."
"15083","Börde",-42.4384849322643,"Hier leben rund <b>  7230 deutsche Personen</b> zwischen 18 und 24 Jahren. Zwischen 2022 und 2024 sind <b>  921 mehr 18- bis 24-Jährige</b> fortgezogen als zugezogen. Das entspricht einem durchschnittlichen jährlichen Wanderungssaldo von <b>-42,4 je 1.000 Personen</b>."
"15084","Burgenlandkreis",-32.0057216932636,"Hier leben rund <b>  7460 deutsche Personen</b> zwischen 18 und 24 Jahren. Zwischen 2022 und 2024 sind <b>  716 mehr 18- bis 24-Jährige</b> fortgezogen als zugezogen. Das entspricht einem durchschnittlichen jährlichen Wanderungssaldo von <b>-32,0 je 1.000 Personen</b>."
"15085","Harz",-25.1513900357831,"Hier leben rund <b>  9690 deutsche Personen</b> zwischen 18 und 24 Jahren. Zwischen 2022 und 2024 sind <b>  731 mehr 18- bis 24-Jährige</b> fortgezogen als zugezogen. Das entspricht einem durchschnittlichen jährlichen Wanderungssaldo von <b>-25,2 je 1.000 Personen</b>."
"15086","Jerichower Land",-43.6171183502144,"Hier leben rund <b>  3650 deutsche Personen</b> zwischen 18 und 24 Jahren. Zwischen 2022 und 2024 sind <b>  478 mehr 18- bis 24-Jährige</b> fortgezogen als zugezogen. Das entspricht einem durchschnittlichen jährlichen Wanderungssaldo von <b>-43,6 je 1.000 Personen</b>."
"15087","Mansfeld-Südharz",-35.5501250945482,"Hier leben rund <b>  5730 deutsche Personen</b> zwischen 18 und 24 Jahren. Zwischen 2022 und 2024 sind <b>  611 mehr 18- bis 24-Jährige</b> fortgezogen als zugezogen. Das entspricht einem durchschnittlichen jährlichen Wanderungssaldo von <b>-35,6 je 1.000 Personen</b>."
"15088","Saalekreis",-34.9733497334973,"Hier leben rund <b>  8130 deutsche Personen</b> zwischen 18 und 24 Jahren. Zwischen 2022 und 2024 sind <b>  853 mehr 18- bis 24-Jährige</b> fortgezogen als zugezogen. Das entspricht einem durchschnittlichen jährlichen Wanderungssaldo von <b>-35,0 je 1.000 Personen</b>."
"15089","Salzlandkreis",-21.3270142180095,"Hier leben rund <b>  8440 deutsche Personen</b> zwischen 18 und 24 Jahren. Zwischen 2022 und 2024 sind <b>  540 mehr 18- bis 24-Jährige</b> fortgezogen als zugezogen. Das entspricht einem durchschnittlichen jährlichen Wanderungssaldo von <b>-21,3 je 1.000 Personen</b>."
"15090","Stendal",-34.1679707876891,"Hier leben rund <b>  5110 deutsche Personen</b> zwischen 18 und 24 Jahren. Zwischen 2022 und 2024 sind <b>  524 mehr 18- bis 24-Jährige</b> fortgezogen als zugezogen. Das entspricht einem durchschnittlichen jährlichen Wanderungssaldo von <b>-34,2 je 1.000 Personen</b>."
"15091","Wittenberg",-37.6696458126448,"Hier leben rund <b>  5040 deutsche Personen</b> zwischen 18 und 24 Jahren. Zwischen 2022 und 2024 sind <b>  569 mehr 18- bis 24-Jährige</b> fortgezogen als zugezogen. Das entspricht einem durchschnittlichen jährlichen Wanderungssaldo von <b>-37,7 je 1.000 Personen</b>."
"16051","Erfurt, Stadt",47.5013361838589,"Hier leben rund <b> 14 970 deutsche Personen</b> zwischen 18 und 24 Jahren. Zwischen 2022 und 2024 sind <b> 2133 mehr 18- bis 24-Jährige</b> zugezogen als fortgezogen. Das entspricht einem durchschnittlichen jährlichen Wanderungssaldo von <b>+47,5 je 1.000 Personen</b>."
"16052","Gera, Stadt",4.22125181950509,"Hier leben rund <b>  4580 deutsche Personen</b> zwischen 18 und 24 Jahren. Zwischen 2022 und 2024 sind <b>   58 mehr 18- bis 24-Jährige</b> zugezogen als fortgezogen. Das entspricht einem durchschnittlichen jährlichen Wanderungssaldo von <b>+4,2 je 1.000 Personen</b>."
"16053","Jena, Stadt",62.4444444444444,"Hier leben rund <b>  9000 deutsche Personen</b> zwischen 18 und 24 Jahren. Zwischen 2022 und 2024 sind <b> 1686 mehr 18- bis 24-Jährige</b> zugezogen als fortgezogen. Das entspricht einem durchschnittlichen jährlichen Wanderungssaldo von <b>+62,4 je 1.000 Personen</b>."
"16054","Suhl, Stadt",-28.6788904560414,"Hier leben rund <b>  1420 deutsche Personen</b> zwischen 18 und 24 Jahren. Zwischen 2022 und 2024 sind <b>  122 mehr 18- bis 24-Jährige</b> fortgezogen als zugezogen. Das entspricht einem durchschnittlichen jährlichen Wanderungssaldo von <b>-28,7 je 1.000 Personen</b>."
"16055","Weimar, Stadt",31.906149592767,"Hier leben rund <b>  4460 deutsche Personen</b> zwischen 18 und 24 Jahren. Zwischen 2022 und 2024 sind <b>  427 mehr 18- bis 24-Jährige</b> zugezogen als fortgezogen. Das entspricht einem durchschnittlichen jährlichen Wanderungssaldo von <b>+31,9 je 1.000 Personen</b>."
"16061","Eichsfeld",-40.5054644808743,"Hier leben rund <b>  4880 deutsche Personen</b> zwischen 18 und 24 Jahren. Zwischen 2022 und 2024 sind <b>  593 mehr 18- bis 24-Jährige</b> fortgezogen als zugezogen. Das entspricht einem durchschnittlichen jährlichen Wanderungssaldo von <b>-40,5 je 1.000 Personen</b>."
"16062","Nordhausen",-38.6178861788618,"Hier leben rund <b>  4100 deutsche Personen</b> zwischen 18 und 24 Jahren. Zwischen 2022 und 2024 sind <b>  475 mehr 18- bis 24-Jährige</b> fortgezogen als zugezogen. Das entspricht einem durchschnittlichen jährlichen Wanderungssaldo von <b>-38,6 je 1.000 Personen</b>."
"16063","Wartburgkreis",-34.8642911981213,"Hier leben rund <b>  7380 deutsche Personen</b> zwischen 18 und 24 Jahren. Zwischen 2022 und 2024 sind <b>  772 mehr 18- bis 24-Jährige</b> fortgezogen als zugezogen. Das entspricht einem durchschnittlichen jährlichen Wanderungssaldo von <b>-34,9 je 1.000 Personen</b>."
"16064","Unstrut-Hainich-Kreis",-35.9006470465456,"Hier leben rund <b>  4790 deutsche Personen</b> zwischen 18 und 24 Jahren. Zwischen 2022 und 2024 sind <b>  516 mehr 18- bis 24-Jährige</b> fortgezogen als zugezogen. Das entspricht einem durchschnittlichen jährlichen Wanderungssaldo von <b>-35,9 je 1.000 Personen</b>."
"16065","Kyffhäuserkreis",-38.6603061021666,"Hier leben rund <b>  3350 deutsche Personen</b> zwischen 18 und 24 Jahren. Zwischen 2022 und 2024 sind <b>  389 mehr 18- bis 24-Jährige</b> fortgezogen als zugezogen. Das entspricht einem durchschnittlichen jährlichen Wanderungssaldo von <b>-38,7 je 1.000 Personen</b>."
"16066","Schmalkalden-Meiningen",-34.8312578956867,"Hier leben rund <b>  5540 deutsche Personen</b> zwischen 18 und 24 Jahren. Zwischen 2022 und 2024 sind <b>  579 mehr 18- bis 24-Jährige</b> fortgezogen als zugezogen. Das entspricht einem durchschnittlichen jährlichen Wanderungssaldo von <b>-34,8 je 1.000 Personen</b>."
"16067","Gotha",-36.5701135624594,"Hier leben rund <b>  6660 deutsche Personen</b> zwischen 18 und 24 Jahren. Zwischen 2022 und 2024 sind <b>  731 mehr 18- bis 24-Jährige</b> fortgezogen als zugezogen. Das entspricht einem durchschnittlichen jährlichen Wanderungssaldo von <b>-36,6 je 1.000 Personen</b>."
"16068","Sömmerda",-44.8411433428966,"Hier leben rund <b>  3140 deutsche Personen</b> zwischen 18 und 24 Jahren. Zwischen 2022 und 2024 sind <b>  422 mehr 18- bis 24-Jährige</b> fortgezogen als zugezogen. Das entspricht einem durchschnittlichen jährlichen Wanderungssaldo von <b>-44,8 je 1.000 Personen</b>."
"16069","Hildburghausen",-41.5590802901758,"Hier leben rund <b>  2710 deutsche Personen</b> zwischen 18 und 24 Jahren. Zwischen 2022 und 2024 sind <b>  338 mehr 18- bis 24-Jährige</b> fortgezogen als zugezogen. Das entspricht einem durchschnittlichen jährlichen Wanderungssaldo von <b>-41,6 je 1.000 Personen</b>."
"16070","Ilm-Kreis",-28.5731880041874,"Hier leben rund <b>  5410 deutsche Personen</b> zwischen 18 und 24 Jahren. Zwischen 2022 und 2024 sind <b>  464 mehr 18- bis 24-Jährige</b> fortgezogen als zugezogen. Das entspricht einem durchschnittlichen jährlichen Wanderungssaldo von <b>-28,6 je 1.000 Personen</b>."
"16071","Weimarer Land",-43.1887866841875,"Hier leben rund <b>  3800 deutsche Personen</b> zwischen 18 und 24 Jahren. Zwischen 2022 und 2024 sind <b>  493 mehr 18- bis 24-Jährige</b> fortgezogen als zugezogen. Das entspricht einem durchschnittlichen jährlichen Wanderungssaldo von <b>-43,2 je 1.000 Personen</b>."
"16072","Sonneberg",-29.2008864554817,"Hier leben rund <b>  2560 deutsche Personen</b> zwischen 18 und 24 Jahren. Zwischen 2022 und 2024 sind <b>  224 mehr 18- bis 24-Jährige</b> fortgezogen als zugezogen. Das entspricht einem durchschnittlichen jährlichen Wanderungssaldo von <b>-29,2 je 1.000 Personen</b>."
"16073","Saalfeld-Rudolstadt",-32.1707976895518,"Hier leben rund <b>  4560 deutsche Personen</b> zwischen 18 und 24 Jahren. Zwischen 2022 und 2024 sind <b>  440 mehr 18- bis 24-Jährige</b> fortgezogen als zugezogen. Das entspricht einem durchschnittlichen jährlichen Wanderungssaldo von <b>-32,2 je 1.000 Personen</b>."
"16074","Saale-Holzland-Kreis",-30.6952049112328,"Hier leben rund <b>  4020 deutsche Personen</b> zwischen 18 und 24 Jahren. Zwischen 2022 und 2024 sind <b>  370 mehr 18- bis 24-Jährige</b> fortgezogen als zugezogen. Das entspricht einem durchschnittlichen jährlichen Wanderungssaldo von <b>-30,7 je 1.000 Personen</b>."
"16075","Saale-Orla-Kreis",-30.8609035930274,"Hier leben rund <b>  3750 deutsche Personen</b> zwischen 18 und 24 Jahren. Zwischen 2022 und 2024 sind <b>  347 mehr 18- bis 24-Jährige</b> fortgezogen als zugezogen. Das entspricht einem durchschnittlichen jährlichen Wanderungssaldo von <b>-30,9 je 1.000 Personen</b>."
"16076","Greiz",-48.1796927187709,"Hier leben rund <b>  3990 deutsche Personen</b> zwischen 18 und 24 Jahren. Zwischen 2022 und 2024 sind <b>  577 mehr 18- bis 24-Jährige</b> fortgezogen als zugezogen. Das entspricht einem durchschnittlichen jährlichen Wanderungssaldo von <b>-48,2 je 1.000 Personen</b>."
"16077","Altenburger Land",-34.2447571011415,"Hier leben rund <b>  3770 deutsche Personen</b> zwischen 18 und 24 Jahren. Zwischen 2022 und 2024 sind <b>  387 mehr 18- bis 24-Jährige</b> fortgezogen als zugezogen. Das entspricht einem durchschnittlichen jährlichen Wanderungssaldo von <b>-34,2 je 1.000 Personen</b>."
"02000","Hamburg, Freie und Hansestadt",46.8608254102899,"Hier leben rund <b>113 170 deutsche Personen</b> zwischen 18 und 24 Jahren. Zwischen 2022 und 2024 sind <b>15 910 mehr 18- bis 24-Jährige</b> zugezogen als fortgezogen. Das entspricht einem durchschnittlichen jährlichen Wanderungssaldo von <b>+46,9 je 1.000 Personen</b>."
"03101","Braunschweig, Stadt",58.9529891402388,"Hier leben rund <b> 18 480 deutsche Personen</b> zwischen 18 und 24 Jahren. Zwischen 2022 und 2024 sind <b> 3268 mehr 18- bis 24-Jährige</b> zugezogen als fortgezogen. Das entspricht einem durchschnittlichen jährlichen Wanderungssaldo von <b>+59,0 je 1.000 Personen</b>."
"03102","Salzgitter, Stadt",-22.5593154414625,"Hier leben rund <b>  6000 deutsche Personen</b> zwischen 18 und 24 Jahren. Zwischen 2022 und 2024 sind <b>  406 mehr 18- bis 24-Jährige</b> fortgezogen als zugezogen. Das entspricht einem durchschnittlichen jährlichen Wanderungssaldo von <b>-22,6 je 1.000 Personen</b>."
"03103","Wolfsburg, Stadt",-3.45084872225331,"Hier leben rund <b>  7150 deutsche Personen</b> zwischen 18 und 24 Jahren. Zwischen 2022 und 2024 sind <b>   74 mehr 18- bis 24-Jährige</b> fortgezogen als zugezogen. Das entspricht einem durchschnittlichen jährlichen Wanderungssaldo von <b>-3,5 je 1.000 Personen</b>."
"03151","Gifhorn",-50.7867678459972,"Hier leben rund <b> 10 150 deutsche Personen</b> zwischen 18 und 24 Jahren. Zwischen 2022 und 2024 sind <b> 1546 mehr 18- bis 24-Jährige</b> fortgezogen als zugezogen. Das entspricht einem durchschnittlichen jährlichen Wanderungssaldo von <b>-50,8 je 1.000 Personen</b>."
"03153","Goslar",-25.8885686839577,"Hier leben rund <b>  6940 deutsche Personen</b> zwischen 18 und 24 Jahren. Zwischen 2022 und 2024 sind <b>  539 mehr 18- bis 24-Jährige</b> fortgezogen als zugezogen. Das entspricht einem durchschnittlichen jährlichen Wanderungssaldo von <b>-25,9 je 1.000 Personen</b>."
"03154","Helmstedt",-39.9812168779768,"Hier leben rund <b>  4970 deutsche Personen</b> zwischen 18 und 24 Jahren. Zwischen 2022 und 2024 sind <b>  596 mehr 18- bis 24-Jährige</b> fortgezogen als zugezogen. Das entspricht einem durchschnittlichen jährlichen Wanderungssaldo von <b>-40,0 je 1.000 Personen</b>."
"03155","Northeim",-28.4300494826811,"Hier leben rund <b>  7410 deutsche Personen</b> zwischen 18 und 24 Jahren. Zwischen 2022 und 2024 sind <b>  632 mehr 18- bis 24-Jährige</b> fortgezogen als zugezogen. Das entspricht einem durchschnittlichen jährlichen Wanderungssaldo von <b>-28,4 je 1.000 Personen</b>."
"03157","Peine",-42.1117249846532,"Hier leben rund <b>  8140 deutsche Personen</b> zwischen 18 und 24 Jahren. Zwischen 2022 und 2024 sind <b> 1029 mehr 18- bis 24-Jährige</b> fortgezogen als zugezogen. Das entspricht einem durchschnittlichen jährlichen Wanderungssaldo von <b>-42,1 je 1.000 Personen</b>."
"03158","Wolfenbüttel",-40.5726788432268,"Hier leben rund <b>  7010 deutsche Personen</b> zwischen 18 und 24 Jahren. Zwischen 2022 und 2024 sind <b>  853 mehr 18- bis 24-Jährige</b> fortgezogen als zugezogen. Das entspricht einem durchschnittlichen jährlichen Wanderungssaldo von <b>-40,6 je 1.000 Personen</b>."
"03159","Göttingen",13.7128144852098,"Hier leben rund <b> 23 820 deutsche Personen</b> zwischen 18 und 24 Jahren. Zwischen 2022 und 2024 sind <b>  980 mehr 18- bis 24-Jährige</b> zugezogen als fortgezogen. Das entspricht einem durchschnittlichen jährlichen Wanderungssaldo von <b>+13,7 je 1.000 Personen</b>."
"03241","Region Hannover",19.0125465678928,"Hier leben rund <b> 70 060 deutsche Personen</b> zwischen 18 und 24 Jahren. Zwischen 2022 und 2024 sind <b> 3996 mehr 18- bis 24-Jährige</b> zugezogen als fortgezogen. Das entspricht einem durchschnittlichen jährlichen Wanderungssaldo von <b>+19,0 je 1.000 Personen</b>."
"03251","Diepholz",-26.0504201680672,"Hier leben rund <b> 13 090 deutsche Personen</b> zwischen 18 und 24 Jahren. Zwischen 2022 und 2024 sind <b> 1023 mehr 18- bis 24-Jährige</b> fortgezogen als zugezogen. Das entspricht einem durchschnittlichen jährlichen Wanderungssaldo von <b>-26,1 je 1.000 Personen</b>."
"03252","Hameln-Pyrmont",-28.1580281580282,"Hier leben rund <b>  8550 deutsche Personen</b> zwischen 18 und 24 Jahren. Zwischen 2022 und 2024 sind <b>  722 mehr 18- bis 24-Jährige</b> fortgezogen als zugezogen. Das entspricht einem durchschnittlichen jährlichen Wanderungssaldo von <b>-28,2 je 1.000 Personen</b>."
"03254","Hildesheim",1.68715353097132,"Hier leben rund <b> 17 980 deutsche Personen</b> zwischen 18 und 24 Jahren. Zwischen 2022 und 2024 sind <b>   91 mehr 18- bis 24-Jährige</b> zugezogen als fortgezogen. Das entspricht einem durchschnittlichen jährlichen Wanderungssaldo von <b>+1,7 je 1.000 Personen</b>."
"03255","Holzminden",-25.6161616161616,"Hier leben rund <b>  4120 deutsche Personen</b> zwischen 18 und 24 Jahren. Zwischen 2022 und 2024 sind <b>  317 mehr 18- bis 24-Jährige</b> fortgezogen als zugezogen. Das entspricht einem durchschnittlichen jährlichen Wanderungssaldo von <b>-25,6 je 1.000 Personen</b>."
"03256","Nienburg (Weser)",-25.7390082136426,"Hier leben rund <b>  7590 deutsche Personen</b> zwischen 18 und 24 Jahren. Zwischen 2022 und 2024 sind <b>  586 mehr 18- bis 24-Jährige</b> fortgezogen als zugezogen. Das entspricht einem durchschnittlichen jährlichen Wanderungssaldo von <b>-25,7 je 1.000 Personen</b>."
"03257","Schaumburg",-37.6366993324812,"Hier leben rund <b>  9390 deutsche Personen</b> zwischen 18 und 24 Jahren. Zwischen 2022 und 2024 sind <b> 1060 mehr 18- bis 24-Jährige</b> fortgezogen als zugezogen. Das entspricht einem durchschnittlichen jährlichen Wanderungssaldo von <b>-37,6 je 1.000 Personen</b>."
"03351","Celle",-34.3912776214048,"Hier leben rund <b> 10 300 deutsche Personen</b> zwischen 18 und 24 Jahren. Zwischen 2022 und 2024 sind <b> 1063 mehr 18- bis 24-Jährige</b> fortgezogen als zugezogen. Das entspricht einem durchschnittlichen jährlichen Wanderungssaldo von <b>-34,4 je 1.000 Personen</b>."
"03352","Cuxhaven",-36.9392365695508,"Hier leben rund <b> 11 360 deutsche Personen</b> zwischen 18 und 24 Jahren. Zwischen 2022 und 2024 sind <b> 1259 mehr 18- bis 24-Jährige</b> fortgezogen als zugezogen. Das entspricht einem durchschnittlichen jährlichen Wanderungssaldo von <b>-36,9 je 1.000 Personen</b>."
"03353","Harburg",-34.3231692464404,"Hier leben rund <b> 15 050 deutsche Personen</b> zwischen 18 und 24 Jahren. Zwischen 2022 und 2024 sind <b> 1550 mehr 18- bis 24-Jährige</b> fortgezogen als zugezogen. Das entspricht einem durchschnittlichen jährlichen Wanderungssaldo von <b>-34,3 je 1.000 Personen</b>."
"03354","Lüchow-Dannenberg",-62.1168778095627,"Hier leben rund <b>  2450 deutsche Personen</b> zwischen 18 und 24 Jahren. Zwischen 2022 und 2024 sind <b>  456 mehr 18- bis 24-Jährige</b> fortgezogen als zugezogen. Das entspricht einem durchschnittlichen jährlichen Wanderungssaldo von <b>-62,1 je 1.000 Personen</b>."
"03355","Lüneburg",0.519089516987205,"Hier leben rund <b> 12 840 deutsche Personen</b> zwischen 18 und 24 Jahren. Zwischen 2022 und 2024 sind <b>   20 mehr 18- bis 24-Jährige</b> zugezogen als fortgezogen. Das entspricht einem durchschnittlichen jährlichen Wanderungssaldo von <b>+0,5 je 1.000 Personen</b>."
"03356","Osterholz",-42.1008969772386,"Hier leben rund <b>  6430 deutsche Personen</b> zwischen 18 und 24 Jahren. Zwischen 2022 und 2024 sind <b>  812 mehr 18- bis 24-Jährige</b> fortgezogen als zugezogen. Das entspricht einem durchschnittlichen jährlichen Wanderungssaldo von <b>-42,1 je 1.000 Personen</b>."
"03357","Rotenburg (Wümme)",-28.9868132528311,"Hier leben rund <b> 11 100 deutsche Personen</b> zwischen 18 und 24 Jahren. Zwischen 2022 und 2024 sind <b>  965 mehr 18- bis 24-Jährige</b> fortgezogen als zugezogen. Das entspricht einem durchschnittlichen jährlichen Wanderungssaldo von <b>-29,0 je 1.000 Personen</b>."
"03358","Heidekreis",-29.0717637633055,"Hier leben rund <b>  8740 deutsche Personen</b> zwischen 18 und 24 Jahren. Zwischen 2022 und 2024 sind <b>  762 mehr 18- bis 24-Jährige</b> fortgezogen als zugezogen. Das entspricht einem durchschnittlichen jährlichen Wanderungssaldo von <b>-29,1 je 1.000 Personen</b>."
"03359","Stade",-24.6418938382172,"Hier leben rund <b> 12 730 deutsche Personen</b> zwischen 18 und 24 Jahren. Zwischen 2022 und 2024 sind <b>  941 mehr 18- bis 24-Jährige</b> fortgezogen als zugezogen. Das entspricht einem durchschnittlichen jährlichen Wanderungssaldo von <b>-24,6 je 1.000 Personen</b>."
"03360","Uelzen",-28.4228125580531,"Hier leben rund <b>  5380 deutsche Personen</b> zwischen 18 und 24 Jahren. Zwischen 2022 und 2024 sind <b>  459 mehr 18- bis 24-Jährige</b> fortgezogen als zugezogen. Das entspricht einem durchschnittlichen jährlichen Wanderungssaldo von <b>-28,4 je 1.000 Personen</b>."
"03361","Verden",-24.4648318042813,"Hier leben rund <b>  8180 deutsche Personen</b> zwischen 18 und 24 Jahren. Zwischen 2022 und 2024 sind <b>  600 mehr 18- bis 24-Jährige</b> fortgezogen als zugezogen. Das entspricht einem durchschnittlichen jährlichen Wanderungssaldo von <b>-24,5 je 1.000 Personen</b>."
"03401","Delmenhorst, Stadt",-5.48954207490793,"Hier leben rund <b>  4800 deutsche Personen</b> zwischen 18 und 24 Jahren. Zwischen 2022 und 2024 sind <b>   79 mehr 18- bis 24-Jährige</b> fortgezogen als zugezogen. Das entspricht einem durchschnittlichen jährlichen Wanderungssaldo von <b>-5,5 je 1.000 Personen</b>."
"03402","Emden, Stadt",-9.93029695407238,"Hier leben rund <b>  3490 deutsche Personen</b> zwischen 18 und 24 Jahren. Zwischen 2022 und 2024 sind <b>  104 mehr 18- bis 24-Jährige</b> fortgezogen als zugezogen. Das entspricht einem durchschnittlichen jährlichen Wanderungssaldo von <b>-9,9 je 1.000 Personen</b>."
"03403","Oldenburg (Oldenburg), Stadt",63.1405735778091,"Hier leben rund <b> 14 180 deutsche Personen</b> zwischen 18 und 24 Jahren. Zwischen 2022 und 2024 sind <b> 2686 mehr 18- bis 24-Jährige</b> zugezogen als fortgezogen. Das entspricht einem durchschnittlichen jährlichen Wanderungssaldo von <b>+63,1 je 1.000 Personen</b>."
"03404","Osnabrück, Stadt",69.3839779586514,"Hier leben rund <b> 15 850 deutsche Personen</b> zwischen 18 und 24 Jahren. Zwischen 2022 und 2024 sind <b> 3299 mehr 18- bis 24-Jährige</b> zugezogen als fortgezogen. Das entspricht einem durchschnittlichen jährlichen Wanderungssaldo von <b>+69,4 je 1.000 Personen</b>."
"03405","Wilhelmshaven, Stadt",5.30612244897959,"Hier leben rund <b>  4900 deutsche Personen</b> zwischen 18 und 24 Jahren. Zwischen 2022 und 2024 sind <b>   78 mehr 18- bis 24-Jährige</b> zugezogen als fortgezogen. Das entspricht einem durchschnittlichen jährlichen Wanderungssaldo von <b>+5,3 je 1.000 Personen</b>."
"03451","Ammerland",-38.4916492693111,"Hier leben rund <b>  7660 deutsche Personen</b> zwischen 18 und 24 Jahren. Zwischen 2022 und 2024 sind <b>  885 mehr 18- bis 24-Jährige</b> fortgezogen als zugezogen. Das entspricht einem durchschnittlichen jährlichen Wanderungssaldo von <b>-38,5 je 1.000 Personen</b>."
"03452","Aurich",-36.9512464151776,"Hier leben rund <b> 12 090 deutsche Personen</b> zwischen 18 und 24 Jahren. Zwischen 2022 und 2024 sind <b> 1340 mehr 18- bis 24-Jährige</b> fortgezogen als zugezogen. Das entspricht einem durchschnittlichen jährlichen Wanderungssaldo von <b>-37,0 je 1.000 Personen</b>."
"03453","Cloppenburg",-22.392783668302,"Hier leben rund <b> 12 640 deutsche Personen</b> zwischen 18 und 24 Jahren. Zwischen 2022 und 2024 sind <b>  849 mehr 18- bis 24-Jährige</b> fortgezogen als zugezogen. Das entspricht einem durchschnittlichen jährlichen Wanderungssaldo von <b>-22,4 je 1.000 Personen</b>."
"03454","Emsland",-27.1167083371917,"Hier leben rund <b> 21 600 deutsche Personen</b> zwischen 18 und 24 Jahren. Zwischen 2022 und 2024 sind <b> 1757 mehr 18- bis 24-Jährige</b> fortgezogen als zugezogen. Das entspricht einem durchschnittlichen jährlichen Wanderungssaldo von <b>-27,1 je 1.000 Personen</b>."
"03455","Friesland",-36.3244224984392,"Hier leben rund <b>  5870 deutsche Personen</b> zwischen 18 und 24 Jahren. Zwischen 2022 und 2024 sind <b>  640 mehr 18- bis 24-Jährige</b> fortgezogen als zugezogen. Das entspricht einem durchschnittlichen jährlichen Wanderungssaldo von <b>-36,3 je 1.000 Personen</b>."
"03456","Grafschaft Bentheim",-31.0960706899793,"Hier leben rund <b>  8860 deutsche Personen</b> zwischen 18 und 24 Jahren. Zwischen 2022 und 2024 sind <b>  827 mehr 18- bis 24-Jährige</b> fortgezogen als zugezogen. Das entspricht einem durchschnittlichen jährlichen Wanderungssaldo von <b>-31,1 je 1.000 Personen</b>."
"03457","Leer",-28.8538033168105,"Hier leben rund <b> 10 890 deutsche Personen</b> zwischen 18 und 24 Jahren. Zwischen 2022 und 2024 sind <b>  943 mehr 18- bis 24-Jährige</b> fortgezogen als zugezogen. Das entspricht einem durchschnittlichen jährlichen Wanderungssaldo von <b>-28,9 je 1.000 Personen</b>."
"03458","Oldenburg, Landkreis",-41.3478824365567,"Hier leben rund <b>  7970 deutsche Personen</b> zwischen 18 und 24 Jahren. Zwischen 2022 und 2024 sind <b>  989 mehr 18- bis 24-Jährige</b> fortgezogen als zugezogen. Das entspricht einem durchschnittlichen jährlichen Wanderungssaldo von <b>-41,3 je 1.000 Personen</b>."
"03459","Osnabrück, Landkreis",-32.48746163635,"Hier leben rund <b> 22 260 deutsche Personen</b> zwischen 18 und 24 Jahren. Zwischen 2022 und 2024 sind <b> 2170 mehr 18- bis 24-Jährige</b> fortgezogen als zugezogen. Das entspricht einem durchschnittlichen jährlichen Wanderungssaldo von <b>-32,5 je 1.000 Personen</b>."
"03460","Vechta",-17.5671826037413,"Hier leben rund <b> 10 530 deutsche Personen</b> zwischen 18 und 24 Jahren. Zwischen 2022 und 2024 sind <b>  555 mehr 18- bis 24-Jährige</b> fortgezogen als zugezogen. Das entspricht einem durchschnittlichen jährlichen Wanderungssaldo von <b>-17,6 je 1.000 Personen</b>."
"03461","Wesermarsch",-26.1449480642115,"Hier leben rund <b>  5650 deutsche Personen</b> zwischen 18 und 24 Jahren. Zwischen 2022 und 2024 sind <b>  443 mehr 18- bis 24-Jährige</b> fortgezogen als zugezogen. Das entspricht einem durchschnittlichen jährlichen Wanderungssaldo von <b>-26,1 je 1.000 Personen</b>."
"03462","Wittmund",-33.4641989156852,"Hier leben rund <b>  3570 deutsche Personen</b> zwischen 18 und 24 Jahren. Zwischen 2022 und 2024 sind <b>  358 mehr 18- bis 24-Jährige</b> fortgezogen als zugezogen. Das entspricht einem durchschnittlichen jährlichen Wanderungssaldo von <b>-33,5 je 1.000 Personen</b>."
"04011","Bremen, Stadt",15.0102658010099,"Hier leben rund <b> 36 040 deutsche Personen</b> zwischen 18 und 24 Jahren. Zwischen 2022 und 2024 sind <b> 1623 mehr 18- bis 24-Jährige</b> zugezogen als fortgezogen. Das entspricht einem durchschnittlichen jährlichen Wanderungssaldo von <b>+15,0 je 1.000 Personen</b>."
"04012","Bremerhaven, Stadt",5.17309988062077,"Hier leben rund <b>  7540 deutsche Personen</b> zwischen 18 und 24 Jahren. Zwischen 2022 und 2024 sind <b>  117 mehr 18- bis 24-Jährige</b> zugezogen als fortgezogen. Das entspricht einem durchschnittlichen jährlichen Wanderungssaldo von <b>+5,2 je 1.000 Personen</b>."
"05111","Düsseldorf, Stadt",59.2261361562329,"Hier leben rund <b> 32 870 deutsche Personen</b> zwischen 18 und 24 Jahren. Zwischen 2022 und 2024 sind <b> 5841 mehr 18- bis 24-Jährige</b> zugezogen als fortgezogen. Das entspricht einem durchschnittlichen jährlichen Wanderungssaldo von <b>+59,2 je 1.000 Personen</b>."
"05112","Duisburg, Stadt",0.824914683481366,"Hier leben rund <b> 29 500 deutsche Personen</b> zwischen 18 und 24 Jahren. Zwischen 2022 und 2024 sind <b>   73 mehr 18- bis 24-Jährige</b> zugezogen als fortgezogen. Das entspricht einem durchschnittlichen jährlichen Wanderungssaldo von <b>+0,8 je 1.000 Personen</b>."
"05113","Essen, Stadt",16.3198191254303,"Hier leben rund <b> 32 440 deutsche Personen</b> zwischen 18 und 24 Jahren. Zwischen 2022 und 2024 sind <b> 1588 mehr 18- bis 24-Jährige</b> zugezogen als fortgezogen. Das entspricht einem durchschnittlichen jährlichen Wanderungssaldo von <b>+16,3 je 1.000 Personen</b>."
"05114","Krefeld, Stadt",-12.6655587450269,"Hier leben rund <b> 13 240 deutsche Personen</b> zwischen 18 und 24 Jahren. Zwischen 2022 und 2024 sind <b>  503 mehr 18- bis 24-Jährige</b> fortgezogen als zugezogen. Das entspricht einem durchschnittlichen jährlichen Wanderungssaldo von <b>-12,7 je 1.000 Personen</b>."
"05116","Mönchengladbach, Stadt",-5.65653997711961,"Hier leben rund <b> 15 730 deutsche Personen</b> zwischen 18 und 24 Jahren. Zwischen 2022 und 2024 sind <b>  267 mehr 18- bis 24-Jährige</b> fortgezogen als zugezogen. Das entspricht einem durchschnittlichen jährlichen Wanderungssaldo von <b>-5,7 je 1.000 Personen</b>."
"05117","Mülheim an der Ruhr, Stadt",-17.6987894175222,"Hier leben rund <b>  9060 deutsche Personen</b> zwischen 18 und 24 Jahren. Zwischen 2022 und 2024 sind <b>  481 mehr 18- bis 24-Jährige</b> fortgezogen als zugezogen. Das entspricht einem durchschnittlichen jährlichen Wanderungssaldo von <b>-17,7 je 1.000 Personen</b>."
"05119","Oberhausen, Stadt",-6.82774572917538,"Hier leben rund <b> 11 960 deutsche Personen</b> zwischen 18 und 24 Jahren. Zwischen 2022 und 2024 sind <b>  245 mehr 18- bis 24-Jährige</b> fortgezogen als zugezogen. Das entspricht einem durchschnittlichen jährlichen Wanderungssaldo von <b>-6,8 je 1.000 Personen</b>."
"05120","Remscheid, Stadt",-12.2024706236818,"Hier leben rund <b>  6640 deutsche Personen</b> zwischen 18 und 24 Jahren. Zwischen 2022 und 2024 sind <b>  243 mehr 18- bis 24-Jährige</b> fortgezogen als zugezogen. Das entspricht einem durchschnittlichen jährlichen Wanderungssaldo von <b>-12,2 je 1.000 Personen</b>."
"05122","Solingen, Stadt",-9.34222407445996,"Hier leben rund <b>  9600 deutsche Personen</b> zwischen 18 und 24 Jahren. Zwischen 2022 und 2024 sind <b>  269 mehr 18- bis 24-Jährige</b> fortgezogen als zugezogen. Das entspricht einem durchschnittlichen jährlichen Wanderungssaldo von <b>-9,3 je 1.000 Personen</b>."
"05124","Wuppertal, Stadt",8.13864712169797,"Hier leben rund <b> 21 830 deutsche Personen</b> zwischen 18 und 24 Jahren. Zwischen 2022 und 2024 sind <b>  533 mehr 18- bis 24-Jährige</b> zugezogen als fortgezogen. Das entspricht einem durchschnittlichen jährlichen Wanderungssaldo von <b>+8,1 je 1.000 Personen</b>."
"05154","Kleve",-29.3296884788428,"Hier leben rund <b> 17 560 deutsche Personen</b> zwischen 18 und 24 Jahren. Zwischen 2022 und 2024 sind <b> 1545 mehr 18- bis 24-Jährige</b> fortgezogen als zugezogen. Das entspricht einem durchschnittlichen jährlichen Wanderungssaldo von <b>-29,3 je 1.000 Personen</b>."
"05158","Mettmann",-27.2925211403109,"Hier leben rund <b> 26 330 deutsche Personen</b> zwischen 18 und 24 Jahren. Zwischen 2022 und 2024 sind <b> 2156 mehr 18- bis 24-Jährige</b> fortgezogen als zugezogen. Das entspricht einem durchschnittlichen jährlichen Wanderungssaldo von <b>-27,3 je 1.000 Personen</b>."
"05162","Rhein-Kreis Neuss",-27.5330984411702,"Hier leben rund <b> 24 980 deutsche Personen</b> zwischen 18 und 24 Jahren. Zwischen 2022 und 2024 sind <b> 2063 mehr 18- bis 24-Jährige</b> fortgezogen als zugezogen. Das entspricht einem durchschnittlichen jährlichen Wanderungssaldo von <b>-27,5 je 1.000 Personen</b>."
"05166","Viersen",-36.6191607284244,"Hier leben rund <b> 16 840 deutsche Personen</b> zwischen 18 und 24 Jahren. Zwischen 2022 und 2024 sind <b> 1850 mehr 18- bis 24-Jährige</b> fortgezogen als zugezogen. Das entspricht einem durchschnittlichen jährlichen Wanderungssaldo von <b>-36,6 je 1.000 Personen</b>."
"05170","Wesel",-29.6684118673647,"Hier leben rund <b> 25 210 deutsche Personen</b> zwischen 18 und 24 Jahren. Zwischen 2022 und 2024 sind <b> 2244 mehr 18- bis 24-Jährige</b> fortgezogen als zugezogen. Das entspricht einem durchschnittlichen jährlichen Wanderungssaldo von <b>-29,7 je 1.000 Personen</b>."
"05314","Bonn, Stadt",36.5716910522974,"Hier leben rund <b> 24 670 deutsche Personen</b> zwischen 18 und 24 Jahren. Zwischen 2022 und 2024 sind <b> 2707 mehr 18- bis 24-Jährige</b> zugezogen als fortgezogen. Das entspricht einem durchschnittlichen jährlichen Wanderungssaldo von <b>+36,6 je 1.000 Personen</b>."
"05315","Köln, Stadt",70.7650606079064,"Hier leben rund <b> 65 670 deutsche Personen</b> zwischen 18 und 24 Jahren. Zwischen 2022 und 2024 sind <b>13 941 mehr 18- bis 24-Jährige</b> zugezogen als fortgezogen. Das entspricht einem durchschnittlichen jährlichen Wanderungssaldo von <b>+70,8 je 1.000 Personen</b>."
"05316","Leverkusen, Stadt",-3.06122448979592,"Hier leben rund <b>  9800 deutsche Personen</b> zwischen 18 und 24 Jahren. Zwischen 2022 und 2024 sind <b>   90 mehr 18- bis 24-Jährige</b> fortgezogen als zugezogen. Das entspricht einem durchschnittlichen jährlichen Wanderungssaldo von <b>-3,1 je 1.000 Personen</b>."
"05334","Städteregion Aachen",26.7213548936658,"Hier leben rund <b> 46 570 deutsche Personen</b> zwischen 18 und 24 Jahren. Zwischen 2022 und 2024 sind <b> 3733 mehr 18- bis 24-Jährige</b> zugezogen als fortgezogen. Das entspricht einem durchschnittlichen jährlichen Wanderungssaldo von <b>+26,7 je 1.000 Personen</b>."
"05358","Düren",-20.0293013827844,"Hier leben rund <b> 16 610 deutsche Personen</b> zwischen 18 und 24 Jahren. Zwischen 2022 und 2024 sind <b>  998 mehr 18- bis 24-Jährige</b> fortgezogen als zugezogen. Das entspricht einem durchschnittlichen jährlichen Wanderungssaldo von <b>-20,0 je 1.000 Personen</b>."
"05362","Rhein-Erft-Kreis",-17.4776030017478,"Hier leben rund <b> 27 270 deutsche Personen</b> zwischen 18 und 24 Jahren. Zwischen 2022 und 2024 sind <b> 1430 mehr 18- bis 24-Jährige</b> fortgezogen als zugezogen. Das entspricht einem durchschnittlichen jährlichen Wanderungssaldo von <b>-17,5 je 1.000 Personen</b>."
"05366","Euskirchen",-25.5201874052639,"Hier leben rund <b> 12 100 deutsche Personen</b> zwischen 18 und 24 Jahren. Zwischen 2022 und 2024 sind <b>  926 mehr 18- bis 24-Jährige</b> fortgezogen als zugezogen. Das entspricht einem durchschnittlichen jährlichen Wanderungssaldo von <b>-25,5 je 1.000 Personen</b>."
"05370","Heinsberg",-28.9601932117135,"Hier leben rund <b> 15 460 deutsche Personen</b> zwischen 18 und 24 Jahren. Zwischen 2022 und 2024 sind <b> 1343 mehr 18- bis 24-Jährige</b> fortgezogen als zugezogen. Das entspricht einem durchschnittlichen jährlichen Wanderungssaldo von <b>-29,0 je 1.000 Personen</b>."
"05374","Oberbergischer Kreis",-27.9314427686873,"Hier leben rund <b> 17 170 deutsche Personen</b> zwischen 18 und 24 Jahren. Zwischen 2022 und 2024 sind <b> 1439 mehr 18- bis 24-Jährige</b> fortgezogen als zugezogen. Das entspricht einem durchschnittlichen jährlichen Wanderungssaldo von <b>-27,9 je 1.000 Personen</b>."
"05378","Rheinisch-Bergischer Kreis",-38.1860589923009,"Hier leben rund <b> 16 150 deutsche Personen</b> zwischen 18 und 24 Jahren. Zwischen 2022 und 2024 sind <b> 1850 mehr 18- bis 24-Jährige</b> fortgezogen als zugezogen. Das entspricht einem durchschnittlichen jährlichen Wanderungssaldo von <b>-38,2 je 1.000 Personen</b>."
"05382","Rhein-Sieg-Kreis",-27.8690183738626,"Hier leben rund <b> 36 230 deutsche Personen</b> zwischen 18 und 24 Jahren. Zwischen 2022 und 2024 sind <b> 3029 mehr 18- bis 24-Jährige</b> fortgezogen als zugezogen. Das entspricht einem durchschnittlichen jährlichen Wanderungssaldo von <b>-27,9 je 1.000 Personen</b>."
"05512","Bottrop, Stadt",-12.1927523559701,"Hier leben rund <b>  6860 deutsche Personen</b> zwischen 18 und 24 Jahren. Zwischen 2022 und 2024 sind <b>  251 mehr 18- bis 24-Jährige</b> fortgezogen als zugezogen. Das entspricht einem durchschnittlichen jährlichen Wanderungssaldo von <b>-12,2 je 1.000 Personen</b>."
"05513","Gelsenkirchen, Stadt",1.17401513175059,"Hier leben rund <b> 15 330 deutsche Personen</b> zwischen 18 und 24 Jahren. Zwischen 2022 und 2024 sind <b>   54 mehr 18- bis 24-Jährige</b> zugezogen als fortgezogen. Das entspricht einem durchschnittlichen jährlichen Wanderungssaldo von <b>+1,2 je 1.000 Personen</b>."
"05515","Münster, Stadt",102.861701066906,"Hier leben rund <b> 33 430 deutsche Personen</b> zwischen 18 und 24 Jahren. Zwischen 2022 und 2024 sind <b>10 316 mehr 18- bis 24-Jährige</b> zugezogen als fortgezogen. Das entspricht einem durchschnittlichen jährlichen Wanderungssaldo von <b>+102,9 je 1.000 Personen</b>."
"05554","Borken",-28.6317797765059,"Hier leben rund <b> 24 460 deutsche Personen</b> zwischen 18 und 24 Jahren. Zwischen 2022 und 2024 sind <b> 2101 mehr 18- bis 24-Jährige</b> fortgezogen als zugezogen. Das entspricht einem durchschnittlichen jährlichen Wanderungssaldo von <b>-28,6 je 1.000 Personen</b>."
"05558","Coesfeld",-43.24756505306,"Hier leben rund <b> 13 760 deutsche Personen</b> zwischen 18 und 24 Jahren. Zwischen 2022 und 2024 sind <b> 1785 mehr 18- bis 24-Jährige</b> fortgezogen als zugezogen. Das entspricht einem durchschnittlichen jährlichen Wanderungssaldo von <b>-43,2 je 1.000 Personen</b>."
"05562","Recklinghausen",-19.6018177077513,"Hier leben rund <b> 35 800 deutsche Personen</b> zwischen 18 und 24 Jahren. Zwischen 2022 und 2024 sind <b> 2105 mehr 18- bis 24-Jährige</b> fortgezogen als zugezogen. Das entspricht einem durchschnittlichen jährlichen Wanderungssaldo von <b>-19,6 je 1.000 Personen</b>."
"05566","Steinfurt",-30.4037292164261,"Hier leben rund <b> 28 890 deutsche Personen</b> zwischen 18 und 24 Jahren. Zwischen 2022 und 2024 sind <b> 2635 mehr 18- bis 24-Jährige</b> fortgezogen als zugezogen. Das entspricht einem durchschnittlichen jährlichen Wanderungssaldo von <b>-30,4 je 1.000 Personen</b>."
"05570","Warendorf",-34.535394008777,"Hier leben rund <b> 17 470 deutsche Personen</b> zwischen 18 und 24 Jahren. Zwischen 2022 und 2024 sind <b> 1810 mehr 18- bis 24-Jährige</b> fortgezogen als zugezogen. Das entspricht einem durchschnittlichen jährlichen Wanderungssaldo von <b>-34,5 je 1.000 Personen</b>."
"05711","Bielefeld, Stadt",44.2947287206194,"Hier leben rund <b> 24 190 deutsche Personen</b> zwischen 18 und 24 Jahren. Zwischen 2022 und 2024 sind <b> 3215 mehr 18- bis 24-Jährige</b> zugezogen als fortgezogen. Das entspricht einem durchschnittlichen jährlichen Wanderungssaldo von <b>+44,3 je 1.000 Personen</b>."
"05754","Gütersloh",-29.3101674236745,"Hier leben rund <b> 22 680 deutsche Personen</b> zwischen 18 und 24 Jahren. Zwischen 2022 und 2024 sind <b> 1994 mehr 18- bis 24-Jährige</b> fortgezogen als zugezogen. Das entspricht einem durchschnittlichen jährlichen Wanderungssaldo von <b>-29,3 je 1.000 Personen</b>."
"05758","Herford",-25.3415038937827,"Hier leben rund <b> 15 670 deutsche Personen</b> zwischen 18 und 24 Jahren. Zwischen 2022 und 2024 sind <b> 1191 mehr 18- bis 24-Jährige</b> fortgezogen als zugezogen. Das entspricht einem durchschnittlichen jährlichen Wanderungssaldo von <b>-25,3 je 1.000 Personen</b>."
"05762","Höxter",-35.7129171935472,"Hier leben rund <b>  8700 deutsche Personen</b> zwischen 18 und 24 Jahren. Zwischen 2022 und 2024 sind <b>  932 mehr 18- bis 24-Jährige</b> fortgezogen als zugezogen. Das entspricht einem durchschnittlichen jährlichen Wanderungssaldo von <b>-35,7 je 1.000 Personen</b>."
"05766","Lippe",-24.5131521029704,"Hier leben rund <b> 21 960 deutsche Personen</b> zwischen 18 und 24 Jahren. Zwischen 2022 und 2024 sind <b> 1615 mehr 18- bis 24-Jährige</b> fortgezogen als zugezogen. Das entspricht einem durchschnittlichen jährlichen Wanderungssaldo von <b>-24,5 je 1.000 Personen</b>."
"05770","Minden-Lübbecke",-26.231130908191,"Hier leben rund <b> 20 200 deutsche Personen</b> zwischen 18 und 24 Jahren. Zwischen 2022 und 2024 sind <b> 1590 mehr 18- bis 24-Jährige</b> fortgezogen als zugezogen. Das entspricht einem durchschnittlichen jährlichen Wanderungssaldo von <b>-26,2 je 1.000 Personen</b>."
"05774","Paderborn",1.05050844608791,"Hier leben rund <b> 23 800 deutsche Personen</b> zwischen 18 und 24 Jahren. Zwischen 2022 und 2024 sind <b>   75 mehr 18- bis 24-Jährige</b> zugezogen als fortgezogen. Das entspricht einem durchschnittlichen jährlichen Wanderungssaldo von <b>+1,1 je 1.000 Personen</b>."
"05911","Bochum, Stadt",41.2103341757933,"Hier leben rund <b> 23 740 deutsche Personen</b> zwischen 18 und 24 Jahren. Zwischen 2022 und 2024 sind <b> 2935 mehr 18- bis 24-Jährige</b> zugezogen als fortgezogen. Das entspricht einem durchschnittlichen jährlichen Wanderungssaldo von <b>+41,2 je 1.000 Personen</b>."
"05913","Dortmund, Stadt",20.3481009894592,"Hier leben rund <b> 38 170 deutsche Personen</b> zwischen 18 und 24 Jahren. Zwischen 2022 und 2024 sind <b> 2330 mehr 18- bis 24-Jährige</b> zugezogen als fortgezogen. Das entspricht einem durchschnittlichen jährlichen Wanderungssaldo von <b>+20,3 je 1.000 Personen</b>."
"05914","Hagen, Stadt",-13.4500364697301,"Hier leben rund <b> 11 420 deutsche Personen</b> zwischen 18 und 24 Jahren. Zwischen 2022 und 2024 sind <b>  461 mehr 18- bis 24-Jährige</b> fortgezogen als zugezogen. Das entspricht einem durchschnittlichen jährlichen Wanderungssaldo von <b>-13,5 je 1.000 Personen</b>."
"05915","Hamm, Stadt",-14.4069469113874,"Hier leben rund <b> 11 820 deutsche Personen</b> zwischen 18 und 24 Jahren. Zwischen 2022 und 2024 sind <b>  511 mehr 18- bis 24-Jährige</b> fortgezogen als zugezogen. Das entspricht einem durchschnittlichen jährlichen Wanderungssaldo von <b>-14,4 je 1.000 Personen</b>."
"05916","Herne, Stadt",-2.30777299905591,"Hier leben rund <b>  9530 deutsche Personen</b> zwischen 18 und 24 Jahren. Zwischen 2022 und 2024 sind <b>   66 mehr 18- bis 24-Jährige</b> fortgezogen als zugezogen. Das entspricht einem durchschnittlichen jährlichen Wanderungssaldo von <b>-2,3 je 1.000 Personen</b>."
"05954","Ennepe-Ruhr-Kreis",-9.17177744626775,"Hier leben rund <b> 18 100 deutsche Personen</b> zwischen 18 und 24 Jahren. Zwischen 2022 und 2024 sind <b>  498 mehr 18- bis 24-Jährige</b> fortgezogen als zugezogen. Das entspricht einem durchschnittlichen jährlichen Wanderungssaldo von <b>-9,2 je 1.000 Personen</b>."
"05958","Hochsauerlandkreis",-29.3017456359102,"Hier leben rund <b> 16 040 deutsche Personen</b> zwischen 18 und 24 Jahren. Zwischen 2022 und 2024 sind <b> 1410 mehr 18- bis 24-Jährige</b> fortgezogen als zugezogen. Das entspricht einem durchschnittlichen jährlichen Wanderungssaldo von <b>-29,3 je 1.000 Personen</b>."
"05962","Märkischer Kreis",-28.6103171362461,"Hier leben rund <b> 24 490 deutsche Personen</b> zwischen 18 und 24 Jahren. Zwischen 2022 und 2024 sind <b> 2102 mehr 18- bis 24-Jährige</b> fortgezogen als zugezogen. Das entspricht einem durchschnittlichen jährlichen Wanderungssaldo von <b>-28,6 je 1.000 Personen</b>."
"05966","Olpe",-29.1973694635924,"Hier leben rund <b>  8410 deutsche Personen</b> zwischen 18 und 24 Jahren. Zwischen 2022 und 2024 sind <b>  737 mehr 18- bis 24-Jährige</b> fortgezogen als zugezogen. Das entspricht einem durchschnittlichen jährlichen Wanderungssaldo von <b>-29,2 je 1.000 Personen</b>."
"05970","Siegen-Wittgenstein",-10.3411077632705,"Hier leben rund <b> 17 920 deutsche Personen</b> zwischen 18 und 24 Jahren. Zwischen 2022 und 2024 sind <b>  556 mehr 18- bis 24-Jährige</b> fortgezogen als zugezogen. Das entspricht einem durchschnittlichen jährlichen Wanderungssaldo von <b>-10,3 je 1.000 Personen</b>."
"05974","Soest",-31.8896551724138,"Hier leben rund <b> 18 120 deutsche Personen</b> zwischen 18 und 24 Jahren. Zwischen 2022 und 2024 sind <b> 1734 mehr 18- bis 24-Jährige</b> fortgezogen als zugezogen. Das entspricht einem durchschnittlichen jährlichen Wanderungssaldo von <b>-31,9 je 1.000 Personen</b>."
"05978","Unna",-26.4573339148132,"Hier leben rund <b> 22 930 deutsche Personen</b> zwischen 18 und 24 Jahren. Zwischen 2022 und 2024 sind <b> 1820 mehr 18- bis 24-Jährige</b> fortgezogen als zugezogen. Das entspricht einem durchschnittlichen jährlichen Wanderungssaldo von <b>-26,5 je 1.000 Personen</b>."
"06411","Darmstadt, Wissenschaftsstadt",73.5891873020623,"Hier leben rund <b> 13 370 deutsche Personen</b> zwischen 18 und 24 Jahren. Zwischen 2022 und 2024 sind <b> 2951 mehr 18- bis 24-Jährige</b> zugezogen als fortgezogen. Das entspricht einem durchschnittlichen jährlichen Wanderungssaldo von <b>+73,6 je 1.000 Personen</b>."
"06412","Frankfurt am Main, Stadt",65.5204717033119,"Hier leben rund <b> 42 340 deutsche Personen</b> zwischen 18 und 24 Jahren. Zwischen 2022 und 2024 sind <b> 8323 mehr 18- bis 24-Jährige</b> zugezogen als fortgezogen. Das entspricht einem durchschnittlichen jährlichen Wanderungssaldo von <b>+65,5 je 1.000 Personen</b>."
"06413","Offenbach am Main, Stadt",32.8882294757666,"Hier leben rund <b>  6740 deutsche Personen</b> zwischen 18 und 24 Jahren. Zwischen 2022 und 2024 sind <b>  665 mehr 18- bis 24-Jährige</b> zugezogen als fortgezogen. Das entspricht einem durchschnittlichen jährlichen Wanderungssaldo von <b>+32,9 je 1.000 Personen</b>."
"06414","Wiesbaden, Landeshauptstadt",30.2444947292897,"Hier leben rund <b> 18 120 deutsche Personen</b> zwischen 18 und 24 Jahren. Zwischen 2022 und 2024 sind <b> 1644 mehr 18- bis 24-Jährige</b> zugezogen als fortgezogen. Das entspricht einem durchschnittlichen jährlichen Wanderungssaldo von <b>+30,2 je 1.000 Personen</b>."
"06431","Bergstraße",-23.9640994100093,"Hier leben rund <b> 14 630 deutsche Personen</b> zwischen 18 und 24 Jahren. Zwischen 2022 und 2024 sind <b> 1052 mehr 18- bis 24-Jährige</b> fortgezogen als zugezogen. Das entspricht einem durchschnittlichen jährlichen Wanderungssaldo von <b>-24,0 je 1.000 Personen</b>."
"06432","Darmstadt-Dieburg",-24.7881109950075,"Hier leben rund <b> 17 230 deutsche Personen</b> zwischen 18 und 24 Jahren. Zwischen 2022 und 2024 sind <b> 1281 mehr 18- bis 24-Jährige</b> fortgezogen als zugezogen. Das entspricht einem durchschnittlichen jährlichen Wanderungssaldo von <b>-24,8 je 1.000 Personen</b>."
"06433","Groß-Gerau",-10.0276388222664,"Hier leben rund <b> 14 590 deutsche Personen</b> zwischen 18 und 24 Jahren. Zwischen 2022 und 2024 sind <b>  439 mehr 18- bis 24-Jährige</b> fortgezogen als zugezogen. Das entspricht einem durchschnittlichen jährlichen Wanderungssaldo von <b>-10,0 je 1.000 Personen</b>."
"06434","Hochtaunuskreis",-40.4504649787669,"Hier leben rund <b> 12 400 deutsche Personen</b> zwischen 18 und 24 Jahren. Zwischen 2022 und 2024 sind <b> 1505 mehr 18- bis 24-Jährige</b> fortgezogen als zugezogen. Das entspricht einem durchschnittlichen jährlichen Wanderungssaldo von <b>-40,5 je 1.000 Personen</b>."
"06435","Main-Kinzig-Kreis",-18.1844277000359,"Hier leben rund <b> 23 220 deutsche Personen</b> zwischen 18 und 24 Jahren. Zwischen 2022 und 2024 sind <b> 1267 mehr 18- bis 24-Jährige</b> fortgezogen als zugezogen. Das entspricht einem durchschnittlichen jährlichen Wanderungssaldo von <b>-18,2 je 1.000 Personen</b>."
"06436","Main-Taunus-Kreis",-31.595191682911,"Hier leben rund <b> 12 310 deutsche Personen</b> zwischen 18 und 24 Jahren. Zwischen 2022 und 2024 sind <b> 1167 mehr 18- bis 24-Jährige</b> fortgezogen als zugezogen. Das entspricht einem durchschnittlichen jährlichen Wanderungssaldo von <b>-31,6 je 1.000 Personen</b>."
"06437","Odenwaldkreis",-34.7530031476842,"Hier leben rund <b>  5190 deutsche Personen</b> zwischen 18 und 24 Jahren. Zwischen 2022 und 2024 sind <b>  541 mehr 18- bis 24-Jährige</b> fortgezogen als zugezogen. Das entspricht einem durchschnittlichen jährlichen Wanderungssaldo von <b>-34,8 je 1.000 Personen</b>."
"06438","Offenbach, Landkreis",-11.1968449931413,"Hier leben rund <b> 19 440 deutsche Personen</b> zwischen 18 und 24 Jahren. Zwischen 2022 und 2024 sind <b>  653 mehr 18- bis 24-Jährige</b> fortgezogen als zugezogen. Das entspricht einem durchschnittlichen jährlichen Wanderungssaldo von <b>-11,2 je 1.000 Personen</b>."
"06439","Rheingau-Taunus-Kreis",-32.3581135091926,"Hier leben rund <b> 10 420 deutsche Personen</b> zwischen 18 und 24 Jahren. Zwischen 2022 und 2024 sind <b> 1012 mehr 18- bis 24-Jährige</b> fortgezogen als zugezogen. Das entspricht einem durchschnittlichen jährlichen Wanderungssaldo von <b>-32,4 je 1.000 Personen</b>."
"06440","Wetteraukreis",-26.4510539994225,"Hier leben rund <b> 17 320 deutsche Personen</b> zwischen 18 und 24 Jahren. Zwischen 2022 und 2024 sind <b> 1374 mehr 18- bis 24-Jährige</b> fortgezogen als zugezogen. Das entspricht einem durchschnittlichen jährlichen Wanderungssaldo von <b>-26,5 je 1.000 Personen</b>."
"06531","Gießen",44.9200992402879,"Hier leben rund <b> 21 630 deutsche Personen</b> zwischen 18 und 24 Jahren. Zwischen 2022 und 2024 sind <b> 2915 mehr 18- bis 24-Jährige</b> zugezogen als fortgezogen. Das entspricht einem durchschnittlichen jährlichen Wanderungssaldo von <b>+44,9 je 1.000 Personen</b>."
"06532","Lahn-Dill-Kreis",-15.6474780337738,"Hier leben rund <b> 15 060 deutsche Personen</b> zwischen 18 und 24 Jahren. Zwischen 2022 und 2024 sind <b>  707 mehr 18- bis 24-Jährige</b> fortgezogen als zugezogen. Das entspricht einem durchschnittlichen jährlichen Wanderungssaldo von <b>-15,6 je 1.000 Personen</b>."
"06533","Limburg-Weilburg",-22.914873952258,"Hier leben rund <b> 10 460 deutsche Personen</b> zwischen 18 und 24 Jahren. Zwischen 2022 und 2024 sind <b>  719 mehr 18- bis 24-Jährige</b> fortgezogen als zugezogen. Das entspricht einem durchschnittlichen jährlichen Wanderungssaldo von <b>-22,9 je 1.000 Personen</b>."
"06534","Marburg-Biedenkopf",33.6360085920719,"Hier leben rund <b> 20 480 deutsche Personen</b> zwischen 18 und 24 Jahren. Zwischen 2022 und 2024 sind <b> 2067 mehr 18- bis 24-Jährige</b> zugezogen als fortgezogen. Das entspricht einem durchschnittlichen jährlichen Wanderungssaldo von <b>+33,6 je 1.000 Personen</b>."
"06535","Vogelsbergkreis",-34.0662562298446,"Hier leben rund <b>  5680 deutsche Personen</b> zwischen 18 und 24 Jahren. Zwischen 2022 und 2024 sind <b>  581 mehr 18- bis 24-Jährige</b> fortgezogen als zugezogen. Das entspricht einem durchschnittlichen jährlichen Wanderungssaldo von <b>-34,1 je 1.000 Personen</b>."
"06611","Kassel, documenta-Stadt",42.9767129529702,"Hier leben rund <b> 13 900 deutsche Personen</b> zwischen 18 und 24 Jahren. Zwischen 2022 und 2024 sind <b> 1792 mehr 18- bis 24-Jährige</b> zugezogen als fortgezogen. Das entspricht einem durchschnittlichen jährlichen Wanderungssaldo von <b>+43,0 je 1.000 Personen</b>."
"06631","Fulda",-12.1998143998551,"Hier leben rund <b> 14 730 deutsche Personen</b> zwischen 18 und 24 Jahren. Zwischen 2022 und 2024 sind <b>  539 mehr 18- bis 24-Jährige</b> fortgezogen als zugezogen. Das entspricht einem durchschnittlichen jährlichen Wanderungssaldo von <b>-12,2 je 1.000 Personen</b>."
"06632","Hersfeld-Rotenburg",-27.803332311152,"Hier leben rund <b>  6520 deutsche Personen</b> zwischen 18 und 24 Jahren. Zwischen 2022 und 2024 sind <b>  544 mehr 18- bis 24-Jährige</b> fortgezogen als zugezogen. Das entspricht einem durchschnittlichen jährlichen Wanderungssaldo von <b>-27,8 je 1.000 Personen</b>."
"06633","Kassel, Landkreis",-24.0881298756062,"Hier leben rund <b> 12 650 deutsche Personen</b> zwischen 18 und 24 Jahren. Zwischen 2022 und 2024 sind <b>  914 mehr 18- bis 24-Jährige</b> fortgezogen als zugezogen. Das entspricht einem durchschnittlichen jährlichen Wanderungssaldo von <b>-24,1 je 1.000 Personen</b>."
"06634","Schwalm-Eder-Kreis",-26.4607162642161,"Hier leben rund <b> 10 230 deutsche Personen</b> zwischen 18 und 24 Jahren. Zwischen 2022 und 2024 sind <b>  812 mehr 18- bis 24-Jährige</b> fortgezogen als zugezogen. Das entspricht einem durchschnittlichen jährlichen Wanderungssaldo von <b>-26,5 je 1.000 Personen</b>."
"06635","Waldeck-Frankenberg",-32.3690719432197,"Hier leben rund <b>  9300 deutsche Personen</b> zwischen 18 und 24 Jahren. Zwischen 2022 und 2024 sind <b>  903 mehr 18- bis 24-Jährige</b> fortgezogen als zugezogen. Das entspricht einem durchschnittlichen jährlichen Wanderungssaldo von <b>-32,4 je 1.000 Personen</b>."
"06636","Werra-Meißner-Kreis",-22.2540421215918,"Hier leben rund <b>  5590 deutsche Personen</b> zwischen 18 und 24 Jahren. Zwischen 2022 und 2024 sind <b>  373 mehr 18- bis 24-Jährige</b> fortgezogen als zugezogen. Das entspricht einem durchschnittlichen jährlichen Wanderungssaldo von <b>-22,3 je 1.000 Personen</b>."
"07111","Koblenz, kreisfreie Stadt",39.8959236773634,"Hier leben rund <b>  8070 deutsche Personen</b> zwischen 18 und 24 Jahren. Zwischen 2022 und 2024 sind <b>  966 mehr 18- bis 24-Jährige</b> zugezogen als fortgezogen. Das entspricht einem durchschnittlichen jährlichen Wanderungssaldo von <b>+39,9 je 1.000 Personen</b>."
"07131","Ahrweiler",-11.5379203602082,"Hier leben rund <b>  7110 deutsche Personen</b> zwischen 18 und 24 Jahren. Zwischen 2022 und 2024 sind <b>  246 mehr 18- bis 24-Jährige</b> fortgezogen als zugezogen. Das entspricht einem durchschnittlichen jährlichen Wanderungssaldo von <b>-11,5 je 1.000 Personen</b>."
"07132","Altenkirchen (Westerwald)",-26.1635220125786,"Hier leben rund <b>  7950 deutsche Personen</b> zwischen 18 und 24 Jahren. Zwischen 2022 und 2024 sind <b>  624 mehr 18- bis 24-Jährige</b> fortgezogen als zugezogen. Das entspricht einem durchschnittlichen jährlichen Wanderungssaldo von <b>-26,2 je 1.000 Personen</b>."
"07133","Bad Kreuznach",-28.8172976100083,"Hier leben rund <b>  9220 deutsche Personen</b> zwischen 18 und 24 Jahren. Zwischen 2022 und 2024 sind <b>  797 mehr 18- bis 24-Jährige</b> fortgezogen als zugezogen. Das entspricht einem durchschnittlichen jährlichen Wanderungssaldo von <b>-28,8 je 1.000 Personen</b>."
"07134","Birkenfeld",-19.3588676103247,"Hier leben rund <b>  4800 deutsche Personen</b> zwischen 18 und 24 Jahren. Zwischen 2022 und 2024 sind <b>  279 mehr 18- bis 24-Jährige</b> fortgezogen als zugezogen. Das entspricht einem durchschnittlichen jährlichen Wanderungssaldo von <b>-19,4 je 1.000 Personen</b>."
"07135","Cochem-Zell",-34.3885434332014,"Hier leben rund <b>  3540 deutsche Personen</b> zwischen 18 und 24 Jahren. Zwischen 2022 und 2024 sind <b>  365 mehr 18- bis 24-Jährige</b> fortgezogen als zugezogen. Das entspricht einem durchschnittlichen jährlichen Wanderungssaldo von <b>-34,4 je 1.000 Personen</b>."
"07137","Mayen-Koblenz",-19.1771541728549,"Hier leben rund <b> 12 790 deutsche Personen</b> zwischen 18 und 24 Jahren. Zwischen 2022 und 2024 sind <b>  736 mehr 18- bis 24-Jährige</b> fortgezogen als zugezogen. Das entspricht einem durchschnittlichen jährlichen Wanderungssaldo von <b>-19,2 je 1.000 Personen</b>."
"07138","Neuwied",-24.2782731526441,"Hier leben rund <b> 11 330 deutsche Personen</b> zwischen 18 und 24 Jahren. Zwischen 2022 und 2024 sind <b>  825 mehr 18- bis 24-Jährige</b> fortgezogen als zugezogen. Das entspricht einem durchschnittlichen jährlichen Wanderungssaldo von <b>-24,3 je 1.000 Personen</b>."
"07140","Rhein-Hunsrück-Kreis",-29.1288815608684,"Hier leben rund <b>  6060 deutsche Personen</b> zwischen 18 und 24 Jahren. Zwischen 2022 und 2024 sind <b>  530 mehr 18- bis 24-Jährige</b> fortgezogen als zugezogen. Das entspricht einem durchschnittlichen jährlichen Wanderungssaldo von <b>-29,1 je 1.000 Personen</b>."
"07141","Rhein-Lahn-Kreis",-27.813868437515,"Hier leben rund <b>  6930 deutsche Personen</b> zwischen 18 und 24 Jahren. Zwischen 2022 und 2024 sind <b>  578 mehr 18- bis 24-Jährige</b> fortgezogen als zugezogen. Das entspricht einem durchschnittlichen jährlichen Wanderungssaldo von <b>-27,8 je 1.000 Personen</b>."
"07143","Westerwaldkreis",-30.5493964030549,"Hier leben rund <b> 12 180 deutsche Personen</b> zwischen 18 und 24 Jahren. Zwischen 2022 und 2024 sind <b> 1116 mehr 18- bis 24-Jährige</b> fortgezogen als zugezogen. Das entspricht einem durchschnittlichen jährlichen Wanderungssaldo von <b>-30,5 je 1.000 Personen</b>."
"07211","Trier, kreisfreie Stadt",36.8936460942838,"Hier leben rund <b>  8780 deutsche Personen</b> zwischen 18 und 24 Jahren. Zwischen 2022 und 2024 sind <b>  972 mehr 18- bis 24-Jährige</b> zugezogen als fortgezogen. Das entspricht einem durchschnittlichen jährlichen Wanderungssaldo von <b>+36,9 je 1.000 Personen</b>."
"07231","Bernkastel-Wittlich",-32.081251007577,"Hier leben rund <b>  6200 deutsche Personen</b> zwischen 18 und 24 Jahren. Zwischen 2022 und 2024 sind <b>  597 mehr 18- bis 24-Jährige</b> fortgezogen als zugezogen. Das entspricht einem durchschnittlichen jährlichen Wanderungssaldo von <b>-32,1 je 1.000 Personen</b>."
"07232","Eifelkreis Bitburg-Prüm",-25.4264155728869,"Hier leben rund <b>  5260 deutsche Personen</b> zwischen 18 und 24 Jahren. Zwischen 2022 und 2024 sind <b>  401 mehr 18- bis 24-Jährige</b> fortgezogen als zugezogen. Das entspricht einem durchschnittlichen jährlichen Wanderungssaldo von <b>-25,4 je 1.000 Personen</b>."
"07233","Vulkaneifel",-30.7314678448699,"Hier leben rund <b>  3400 deutsche Personen</b> zwischen 18 und 24 Jahren. Zwischen 2022 und 2024 sind <b>  313 mehr 18- bis 24-Jährige</b> fortgezogen als zugezogen. Das entspricht einem durchschnittlichen jährlichen Wanderungssaldo von <b>-30,7 je 1.000 Personen</b>."
"07235","Trier-Saarburg",-32.5801592425221,"Hier leben rund <b>  7740 deutsche Personen</b> zwischen 18 und 24 Jahren. Zwischen 2022 und 2024 sind <b>  757 mehr 18- bis 24-Jährige</b> fortgezogen als zugezogen. Das entspricht einem durchschnittlichen jährlichen Wanderungssaldo von <b>-32,6 je 1.000 Personen</b>."
"07311","Frankenthal (Pfalz), kreisfreie Stadt",-16.8940870695257,"Hier leben rund <b>  2560 deutsche Personen</b> zwischen 18 und 24 Jahren. Zwischen 2022 und 2024 sind <b>  130 mehr 18- bis 24-Jährige</b> fortgezogen als zugezogen. Das entspricht einem durchschnittlichen jährlichen Wanderungssaldo von <b>-16,9 je 1.000 Personen</b>."
"07312","Kaiserslautern, kreisfreie Stadt",25.6410256410256,"Hier leben rund <b>  6920 deutsche Personen</b> zwischen 18 und 24 Jahren. Zwischen 2022 und 2024 sind <b>  532 mehr 18- bis 24-Jährige</b> zugezogen als fortgezogen. Das entspricht einem durchschnittlichen jährlichen Wanderungssaldo von <b>+25,6 je 1.000 Personen</b>."
"07313","Landau in der Pfalz, kreisfreie Stadt",51.2641538700171,"Hier leben rund <b>  4300 deutsche Personen</b> zwischen 18 und 24 Jahren. Zwischen 2022 und 2024 sind <b>  661 mehr 18- bis 24-Jährige</b> zugezogen als fortgezogen. Das entspricht einem durchschnittlichen jährlichen Wanderungssaldo von <b>+51,3 je 1.000 Personen</b>."
"07314","Ludwigshafen am Rhein, kreisfreie Stadt",-1.12994350282486,"Hier leben rund <b>  9740 deutsche Personen</b> zwischen 18 und 24 Jahren. Zwischen 2022 und 2024 sind <b>   33 mehr 18- bis 24-Jährige</b> fortgezogen als zugezogen. Das entspricht einem durchschnittlichen jährlichen Wanderungssaldo von <b>-1,1 je 1.000 Personen</b>."
"07315","Mainz, kreisfreie Stadt",95.3799545569301,"Hier leben rund <b> 19 800 deutsche Personen</b> zwischen 18 und 24 Jahren. Zwischen 2022 und 2024 sind <b> 5667 mehr 18- bis 24-Jährige</b> zugezogen als fortgezogen. Das entspricht einem durchschnittlichen jährlichen Wanderungssaldo von <b>+95,4 je 1.000 Personen</b>."
"07316","Neustadt an der Weinstraße, kreisfreie Stadt",-26.9802836388793,"Hier leben rund <b>  2890 deutsche Personen</b> zwischen 18 und 24 Jahren. Zwischen 2022 und 2024 sind <b>  234 mehr 18- bis 24-Jährige</b> fortgezogen als zugezogen. Das entspricht einem durchschnittlichen jährlichen Wanderungssaldo von <b>-27,0 je 1.000 Personen</b>."
"07317","Pirmasens, kreisfreie Stadt",2.36721408492381,"Hier leben rund <b>  2250 deutsche Personen</b> zwischen 18 und 24 Jahren. Zwischen 2022 und 2024 sind <b>   16 mehr 18- bis 24-Jährige</b> zugezogen als fortgezogen. Das entspricht einem durchschnittlichen jährlichen Wanderungssaldo von <b>+2,4 je 1.000 Personen</b>."
"07318","Speyer, kreisfreie Stadt",-26.417445482866,"Hier leben rund <b>  2680 deutsche Personen</b> zwischen 18 und 24 Jahren. Zwischen 2022 und 2024 sind <b>  212 mehr 18- bis 24-Jährige</b> fortgezogen als zugezogen. Das entspricht einem durchschnittlichen jährlichen Wanderungssaldo von <b>-26,4 je 1.000 Personen</b>."
"07319","Worms, kreisfreie Stadt",-13.4403072070219,"Hier leben rund <b>  4860 deutsche Personen</b> zwischen 18 und 24 Jahren. Zwischen 2022 und 2024 sind <b>  196 mehr 18- bis 24-Jährige</b> fortgezogen als zugezogen. Das entspricht einem durchschnittlichen jährlichen Wanderungssaldo von <b>-13,4 je 1.000 Personen</b>."
"07320","Zweibrücken, kreisfreie Stadt",-8.93010475699811,"Hier leben rund <b>  1940 deutsche Personen</b> zwischen 18 und 24 Jahren. Zwischen 2022 und 2024 sind <b>   52 mehr 18- bis 24-Jährige</b> fortgezogen als zugezogen. Das entspricht einem durchschnittlichen jährlichen Wanderungssaldo von <b>-8,9 je 1.000 Personen</b>."
"07331","Alzey-Worms",-33.3729582177608,"Hier leben rund <b>  7570 deutsche Personen</b> zwischen 18 und 24 Jahren. Zwischen 2022 und 2024 sind <b>  758 mehr 18- bis 24-Jährige</b> fortgezogen als zugezogen. Das entspricht einem durchschnittlichen jährlichen Wanderungssaldo von <b>-33,4 je 1.000 Personen</b>."
"07332","Bad Dürkheim",-42.9623171558655,"Hier leben rund <b>  6880 deutsche Personen</b> zwischen 18 und 24 Jahren. Zwischen 2022 und 2024 sind <b>  887 mehr 18- bis 24-Jährige</b> fortgezogen als zugezogen. Das entspricht einem durchschnittlichen jährlichen Wanderungssaldo von <b>-43,0 je 1.000 Personen</b>."
"07333","Donnersbergkreis",-38.6963878466858,"Hier leben rund <b>  4530 deutsche Personen</b> zwischen 18 und 24 Jahren. Zwischen 2022 und 2024 sind <b>  526 mehr 18- bis 24-Jährige</b> fortgezogen als zugezogen. Das entspricht einem durchschnittlichen jährlichen Wanderungssaldo von <b>-38,7 je 1.000 Personen</b>."
"07334","Germersheim",-25.6342494714588,"Hier leben rund <b>  7570 deutsche Personen</b> zwischen 18 und 24 Jahren. Zwischen 2022 und 2024 sind <b>  582 mehr 18- bis 24-Jährige</b> fortgezogen als zugezogen. Das entspricht einem durchschnittlichen jährlichen Wanderungssaldo von <b>-25,6 je 1.000 Personen</b>."
"07335","Kaiserslautern, Landkreis",-36.2057667103539,"Hier leben rund <b>  6100 deutsche Personen</b> zwischen 18 und 24 Jahren. Zwischen 2022 und 2024 sind <b>  663 mehr 18- bis 24-Jährige</b> fortgezogen als zugezogen. Das entspricht einem durchschnittlichen jährlichen Wanderungssaldo von <b>-36,2 je 1.000 Personen</b>."
"07336","Kusel",-28.2833461505597,"Hier leben rund <b>  3900 deutsche Personen</b> zwischen 18 und 24 Jahren. Zwischen 2022 und 2024 sind <b>  331 mehr 18- bis 24-Jährige</b> fortgezogen als zugezogen. Das entspricht einem durchschnittlichen jährlichen Wanderungssaldo von <b>-28,3 je 1.000 Personen</b>."
"07337","Südliche Weinstraße",-30.702468131272,"Hier leben rund <b>  6140 deutsche Personen</b> zwischen 18 und 24 Jahren. Zwischen 2022 und 2024 sind <b>  566 mehr 18- bis 24-Jährige</b> fortgezogen als zugezogen. Das entspricht einem durchschnittlichen jährlichen Wanderungssaldo von <b>-30,7 je 1.000 Personen</b>."
"07338","Rhein-Pfalz-Kreis",-31.7069163791687,"Hier leben rund <b>  8120 deutsche Personen</b> zwischen 18 und 24 Jahren. Zwischen 2022 und 2024 sind <b>  772 mehr 18- bis 24-Jährige</b> fortgezogen als zugezogen. Das entspricht einem durchschnittlichen jährlichen Wanderungssaldo von <b>-31,7 je 1.000 Personen</b>."
"07339","Mainz-Bingen",-39.0634089586969,"Hier leben rund <b> 11 460 deutsche Personen</b> zwischen 18 und 24 Jahren. Zwischen 2022 und 2024 sind <b> 1343 mehr 18- bis 24-Jährige</b> fortgezogen als zugezogen. Das entspricht einem durchschnittlichen jährlichen Wanderungssaldo von <b>-39,1 je 1.000 Personen</b>."
"07340","Südwestpfalz",-34.5918298674204,"Hier leben rund <b>  4950 deutsche Personen</b> zwischen 18 und 24 Jahren. Zwischen 2022 und 2024 sind <b>  514 mehr 18- bis 24-Jährige</b> fortgezogen als zugezogen. Das entspricht einem durchschnittlichen jährlichen Wanderungssaldo von <b>-34,6 je 1.000 Personen</b>."
"08111","Stuttgart, Stadt",44.6439227320001,"Hier leben rund <b> 39 100 deutsche Personen</b> zwischen 18 und 24 Jahren. Zwischen 2022 und 2024 sind <b> 5237 mehr 18- bis 24-Jährige</b> zugezogen als fortgezogen. Das entspricht einem durchschnittlichen jährlichen Wanderungssaldo von <b>+44,6 je 1.000 Personen</b>."
"08115","Böblingen",-22.6500905105995,"Hier leben rund <b> 22 280 deutsche Personen</b> zwischen 18 und 24 Jahren. Zwischen 2022 und 2024 sind <b> 1514 mehr 18- bis 24-Jährige</b> fortgezogen als zugezogen. Das entspricht einem durchschnittlichen jährlichen Wanderungssaldo von <b>-22,7 je 1.000 Personen</b>."
"08116","Esslingen",-8.02285617896979,"Hier leben rund <b> 31 620 deutsche Personen</b> zwischen 18 und 24 Jahren. Zwischen 2022 und 2024 sind <b>  761 mehr 18- bis 24-Jährige</b> fortgezogen als zugezogen. Das entspricht einem durchschnittlichen jährlichen Wanderungssaldo von <b>-8,0 je 1.000 Personen</b>."
"08117","Göppingen",-20.0915058683111,"Hier leben rund <b> 15 080 deutsche Personen</b> zwischen 18 und 24 Jahren. Zwischen 2022 und 2024 sind <b>  909 mehr 18- bis 24-Jährige</b> fortgezogen als zugezogen. Das entspricht einem durchschnittlichen jährlichen Wanderungssaldo von <b>-20,1 je 1.000 Personen</b>."
"08118","Ludwigsburg",-16.1715513612902,"Hier leben rund <b> 30 090 deutsche Personen</b> zwischen 18 und 24 Jahren. Zwischen 2022 und 2024 sind <b> 1460 mehr 18- bis 24-Jährige</b> fortgezogen als zugezogen. Das entspricht einem durchschnittlichen jährlichen Wanderungssaldo von <b>-16,2 je 1.000 Personen</b>."
"08119","Rems-Murr-Kreis",-20.5305651672434,"Hier leben rund <b> 26 010 deutsche Personen</b> zwischen 18 und 24 Jahren. Zwischen 2022 und 2024 sind <b> 1602 mehr 18- bis 24-Jährige</b> fortgezogen als zugezogen. Das entspricht einem durchschnittlichen jährlichen Wanderungssaldo von <b>-20,5 je 1.000 Personen</b>."
"08121","Heilbronn, Stadt",7.77578398701188,"Hier leben rund <b>  7800 deutsche Personen</b> zwischen 18 und 24 Jahren. Zwischen 2022 und 2024 sind <b>  182 mehr 18- bis 24-Jährige</b> zugezogen als fortgezogen. Das entspricht einem durchschnittlichen jährlichen Wanderungssaldo von <b>+7,8 je 1.000 Personen</b>."
"08125","Heilbronn, Landkreis",-20.4022850559263,"Hier leben rund <b> 20 830 deutsche Personen</b> zwischen 18 und 24 Jahren. Zwischen 2022 und 2024 sind <b> 1275 mehr 18- bis 24-Jährige</b> fortgezogen als zugezogen. Das entspricht einem durchschnittlichen jährlichen Wanderungssaldo von <b>-20,4 je 1.000 Personen</b>."
"08126","Hohenlohekreis",-19.304152637486,"Hier leben rund <b>  7420 deutsche Personen</b> zwischen 18 und 24 Jahren. Zwischen 2022 und 2024 sind <b>  430 mehr 18- bis 24-Jährige</b> fortgezogen als zugezogen. Das entspricht einem durchschnittlichen jährlichen Wanderungssaldo von <b>-19,3 je 1.000 Personen</b>."
"08127","Schwäbisch Hall",-22.4811289793239,"Hier leben rund <b> 12 190 deutsche Personen</b> zwischen 18 und 24 Jahren. Zwischen 2022 und 2024 sind <b>  822 mehr 18- bis 24-Jährige</b> fortgezogen als zugezogen. Das entspricht einem durchschnittlichen jährlichen Wanderungssaldo von <b>-22,5 je 1.000 Personen</b>."
"08128","Main-Tauber-Kreis",-27.2899661967186,"Hier leben rund <b>  8090 deutsche Personen</b> zwischen 18 und 24 Jahren. Zwischen 2022 und 2024 sind <b>  662 mehr 18- bis 24-Jährige</b> fortgezogen als zugezogen. Das entspricht einem durchschnittlichen jährlichen Wanderungssaldo von <b>-27,3 je 1.000 Personen</b>."
"08135","Heidenheim",-27.0350944522622,"Hier leben rund <b>  7820 deutsche Personen</b> zwischen 18 und 24 Jahren. Zwischen 2022 und 2024 sind <b>  634 mehr 18- bis 24-Jährige</b> fortgezogen als zugezogen. Das entspricht einem durchschnittlichen jährlichen Wanderungssaldo von <b>-27,0 je 1.000 Personen</b>."
"08136","Ostalbkreis",-20.8041794943558,"Hier leben rund <b> 21 440 deutsche Personen</b> zwischen 18 und 24 Jahren. Zwischen 2022 und 2024 sind <b> 1338 mehr 18- bis 24-Jährige</b> fortgezogen als zugezogen. Das entspricht einem durchschnittlichen jährlichen Wanderungssaldo von <b>-20,8 je 1.000 Personen</b>."
"08211","Baden-Baden, Stadt",-23.8188207731355,"Hier leben rund <b>  2560 deutsche Personen</b> zwischen 18 und 24 Jahren. Zwischen 2022 und 2024 sind <b>  183 mehr 18- bis 24-Jährige</b> fortgezogen als zugezogen. Das entspricht einem durchschnittlichen jährlichen Wanderungssaldo von <b>-23,8 je 1.000 Personen</b>."
"08212","Karlsruhe, Stadt",68.4359741691605,"Hier leben rund <b> 25 400 deutsche Personen</b> zwischen 18 und 24 Jahren. Zwischen 2022 und 2024 sind <b> 5214 mehr 18- bis 24-Jährige</b> zugezogen als fortgezogen. Das entspricht einem durchschnittlichen jährlichen Wanderungssaldo von <b>+68,4 je 1.000 Personen</b>."
"08215","Karlsruhe, Landkreis",-24.0820125588285,"Hier leben rund <b> 25 430 deutsche Personen</b> zwischen 18 und 24 Jahren. Zwischen 2022 und 2024 sind <b> 1837 mehr 18- bis 24-Jährige</b> fortgezogen als zugezogen. Das entspricht einem durchschnittlichen jährlichen Wanderungssaldo von <b>-24,1 je 1.000 Personen</b>."
"08216","Rastatt",-31.6650977931179,"Hier leben rund <b> 12 750 deutsche Personen</b> zwischen 18 und 24 Jahren. Zwischen 2022 und 2024 sind <b> 1211 mehr 18- bis 24-Jährige</b> fortgezogen als zugezogen. Das entspricht einem durchschnittlichen jährlichen Wanderungssaldo von <b>-31,7 je 1.000 Personen</b>."
"08221","Heidelberg, Stadt",85.4176055280156,"Hier leben rund <b> 17 750 deutsche Personen</b> zwischen 18 und 24 Jahren. Zwischen 2022 und 2024 sind <b> 4549 mehr 18- bis 24-Jährige</b> zugezogen als fortgezogen. Das entspricht einem durchschnittlichen jährlichen Wanderungssaldo von <b>+85,4 je 1.000 Personen</b>."
"08222","Mannheim, Stadt",53.2345505823214,"Hier leben rund <b> 22 810 deutsche Personen</b> zwischen 18 und 24 Jahren. Zwischen 2022 und 2024 sind <b> 3643 mehr 18- bis 24-Jährige</b> zugezogen als fortgezogen. Das entspricht einem durchschnittlichen jährlichen Wanderungssaldo von <b>+53,2 je 1.000 Personen</b>."
"08225","Neckar-Odenwald-Kreis",-32.1681864235056,"Hier leben rund <b>  9210 deutsche Personen</b> zwischen 18 und 24 Jahren. Zwischen 2022 und 2024 sind <b>  889 mehr 18- bis 24-Jährige</b> fortgezogen als zugezogen. Das entspricht einem durchschnittlichen jährlichen Wanderungssaldo von <b>-32,2 je 1.000 Personen</b>."
"08226","Rhein-Neckar-Kreis",-16.915176126559,"Hier leben rund <b> 32 260 deutsche Personen</b> zwischen 18 und 24 Jahren. Zwischen 2022 und 2024 sind <b> 1637 mehr 18- bis 24-Jährige</b> fortgezogen als zugezogen. Das entspricht einem durchschnittlichen jährlichen Wanderungssaldo von <b>-16,9 je 1.000 Personen</b>."
"08231","Pforzheim, Stadt",3.58756311453627,"Hier leben rund <b>  7530 deutsche Personen</b> zwischen 18 und 24 Jahren. Zwischen 2022 und 2024 sind <b>   81 mehr 18- bis 24-Jährige</b> zugezogen als fortgezogen. Das entspricht einem durchschnittlichen jährlichen Wanderungssaldo von <b>+3,6 je 1.000 Personen</b>."
"08235","Calw",-27.0512422895344,"Hier leben rund <b>  9670 deutsche Personen</b> zwischen 18 und 24 Jahren. Zwischen 2022 und 2024 sind <b>  785 mehr 18- bis 24-Jährige</b> fortgezogen als zugezogen. Das entspricht einem durchschnittlichen jährlichen Wanderungssaldo von <b>-27,1 je 1.000 Personen</b>."
"08236","Enzkreis",-30.7403988699617,"Hier leben rund <b> 11 920 deutsche Personen</b> zwischen 18 und 24 Jahren. Zwischen 2022 und 2024 sind <b> 1099 mehr 18- bis 24-Jährige</b> fortgezogen als zugezogen. Das entspricht einem durchschnittlichen jährlichen Wanderungssaldo von <b>-30,7 je 1.000 Personen</b>."
"08237","Freudenstadt",-27.9646484632634,"Hier leben rund <b>  7580 deutsche Personen</b> zwischen 18 und 24 Jahren. Zwischen 2022 und 2024 sind <b>  636 mehr 18- bis 24-Jährige</b> fortgezogen als zugezogen. Das entspricht einem durchschnittlichen jährlichen Wanderungssaldo von <b>-28,0 je 1.000 Personen</b>."
"08311","Freiburg im Breisgau, Stadt",89.1948833709556,"Hier leben rund <b> 22 150 deutsche Personen</b> zwischen 18 und 24 Jahren. Zwischen 2022 und 2024 sind <b> 5927 mehr 18- bis 24-Jährige</b> zugezogen als fortgezogen. Das entspricht einem durchschnittlichen jährlichen Wanderungssaldo von <b>+89,2 je 1.000 Personen</b>."
"08315","Breisgau-Hochschwarzwald",-26.7026702670267,"Hier leben rund <b> 15 550 deutsche Personen</b> zwischen 18 und 24 Jahren. Zwischen 2022 und 2024 sind <b> 1246 mehr 18- bis 24-Jährige</b> fortgezogen als zugezogen. Das entspricht einem durchschnittlichen jährlichen Wanderungssaldo von <b>-26,7 je 1.000 Personen</b>."
"08316","Emmendingen",-25.8544839255499,"Hier leben rund <b>  9850 deutsche Personen</b> zwischen 18 und 24 Jahren. Zwischen 2022 und 2024 sind <b>  764 mehr 18- bis 24-Jährige</b> fortgezogen als zugezogen. Das entspricht einem durchschnittlichen jährlichen Wanderungssaldo von <b>-25,9 je 1.000 Personen</b>."
"08317","Ortenaukreis",-22.7318752531389,"Hier leben rund <b> 26 340 deutsche Personen</b> zwischen 18 und 24 Jahren. Zwischen 2022 und 2024 sind <b> 1796 mehr 18- bis 24-Jährige</b> fortgezogen als zugezogen. Das entspricht einem durchschnittlichen jährlichen Wanderungssaldo von <b>-22,7 je 1.000 Personen</b>."
"08325","Rottweil",-32.9377573262291,"Hier leben rund <b>  8260 deutsche Personen</b> zwischen 18 und 24 Jahren. Zwischen 2022 und 2024 sind <b>  816 mehr 18- bis 24-Jährige</b> fortgezogen als zugezogen. Das entspricht einem durchschnittlichen jährlichen Wanderungssaldo von <b>-32,9 je 1.000 Personen</b>."
"08326","Schwarzwald-Baar-Kreis",-21.0582010582011,"Hier leben rund <b> 12 600 deutsche Personen</b> zwischen 18 und 24 Jahren. Zwischen 2022 und 2024 sind <b>  796 mehr 18- bis 24-Jährige</b> fortgezogen als zugezogen. Das entspricht einem durchschnittlichen jährlichen Wanderungssaldo von <b>-21,1 je 1.000 Personen</b>."
"08327","Tuttlingen",-28.1498738109105,"Hier leben rund <b>  8580 deutsche Personen</b> zwischen 18 und 24 Jahren. Zwischen 2022 und 2024 sind <b>  725 mehr 18- bis 24-Jährige</b> fortgezogen als zugezogen. Das entspricht einem durchschnittlichen jährlichen Wanderungssaldo von <b>-28,1 je 1.000 Personen</b>."
"08335","Konstanz",23.4323279910089,"Hier leben rund <b> 21 650 deutsche Personen</b> zwischen 18 und 24 Jahren. Zwischen 2022 und 2024 sind <b> 1522 mehr 18- bis 24-Jährige</b> zugezogen als fortgezogen. Das entspricht einem durchschnittlichen jährlichen Wanderungssaldo von <b>+23,4 je 1.000 Personen</b>."
"08336","Lörrach",-15.2916889670464,"Hier leben rund <b> 13 080 deutsche Personen</b> zwischen 18 und 24 Jahren. Zwischen 2022 und 2024 sind <b>  600 mehr 18- bis 24-Jährige</b> fortgezogen als zugezogen. Das entspricht einem durchschnittlichen jährlichen Wanderungssaldo von <b>-15,3 je 1.000 Personen</b>."
"08337","Waldshut",-27.0957980881645,"Hier leben rund <b>  9690 deutsche Personen</b> zwischen 18 und 24 Jahren. Zwischen 2022 und 2024 sind <b>  788 mehr 18- bis 24-Jährige</b> fortgezogen als zugezogen. Das entspricht einem durchschnittlichen jährlichen Wanderungssaldo von <b>-27,1 je 1.000 Personen</b>."
"08415","Reutlingen",-15.2850937990944,"Hier leben rund <b> 18 040 deutsche Personen</b> zwischen 18 und 24 Jahren. Zwischen 2022 und 2024 sind <b>  827 mehr 18- bis 24-Jährige</b> fortgezogen als zugezogen. Das entspricht einem durchschnittlichen jährlichen Wanderungssaldo von <b>-15,3 je 1.000 Personen</b>."
"08416","Tübingen",47.3015726036699,"Hier leben rund <b> 21 600 deutsche Personen</b> zwischen 18 und 24 Jahren. Zwischen 2022 und 2024 sind <b> 3065 mehr 18- bis 24-Jährige</b> zugezogen als fortgezogen. Das entspricht einem durchschnittlichen jährlichen Wanderungssaldo von <b>+47,3 je 1.000 Personen</b>."
"08417","Zollernalbkreis",-19.0996301433195,"Hier leben rund <b> 11 540 deutsche Personen</b> zwischen 18 und 24 Jahren. Zwischen 2022 und 2024 sind <b>  661 mehr 18- bis 24-Jährige</b> fortgezogen als zugezogen. Das entspricht einem durchschnittlichen jährlichen Wanderungssaldo von <b>-19,1 je 1.000 Personen</b>."
"08421","Ulm, Stadt",46.7658563844649,"Hier leben rund <b>  9540 deutsche Personen</b> zwischen 18 und 24 Jahren. Zwischen 2022 und 2024 sind <b> 1339 mehr 18- bis 24-Jährige</b> zugezogen als fortgezogen. Das entspricht einem durchschnittlichen jährlichen Wanderungssaldo von <b>+46,8 je 1.000 Personen</b>."
"08425","Alb-Donau-Kreis",-25.0045676402266,"Hier leben rund <b> 12 770 deutsche Personen</b> zwischen 18 und 24 Jahren. Zwischen 2022 und 2024 sind <b>  958 mehr 18- bis 24-Jährige</b> fortgezogen als zugezogen. Das entspricht einem durchschnittlichen jährlichen Wanderungssaldo von <b>-25,0 je 1.000 Personen</b>."
"08426","Biberach",-24.6215017586787,"Hier leben rund <b> 13 080 deutsche Personen</b> zwischen 18 und 24 Jahren. Zwischen 2022 und 2024 sind <b>  966 mehr 18- bis 24-Jährige</b> fortgezogen als zugezogen. Das entspricht einem durchschnittlichen jährlichen Wanderungssaldo von <b>-24,6 je 1.000 Personen</b>."
"08435","Bodenseekreis",-27.9926928863099,"Hier leben rund <b> 12 410 deutsche Personen</b> zwischen 18 und 24 Jahren. Zwischen 2022 und 2024 sind <b> 1042 mehr 18- bis 24-Jährige</b> fortgezogen als zugezogen. Das entspricht einem durchschnittlichen jährlichen Wanderungssaldo von <b>-28,0 je 1.000 Personen</b>."
"08436","Ravensburg",-12.0486040002731,"Hier leben rund <b> 19 530 deutsche Personen</b> zwischen 18 und 24 Jahren. Zwischen 2022 und 2024 sind <b>  706 mehr 18- bis 24-Jährige</b> fortgezogen als zugezogen. Das entspricht einem durchschnittlichen jährlichen Wanderungssaldo von <b>-12,0 je 1.000 Personen</b>."
"08437","Sigmaringen",-23.931819046532,"Hier leben rund <b>  8760 deutsche Personen</b> zwischen 18 und 24 Jahren. Zwischen 2022 und 2024 sind <b>  629 mehr 18- bis 24-Jährige</b> fortgezogen als zugezogen. Das entspricht einem durchschnittlichen jährlichen Wanderungssaldo von <b>-23,9 je 1.000 Personen</b>."
"09161","Ingolstadt",15.0630447660151,"Hier leben rund <b>  7880 deutsche Personen</b> zwischen 18 und 24 Jahren. Zwischen 2022 und 2024 sind <b>  356 mehr 18- bis 24-Jährige</b> zugezogen als fortgezogen. Das entspricht einem durchschnittlichen jährlichen Wanderungssaldo von <b>+15,1 je 1.000 Personen</b>."
"09162","München, Landeshauptstadt",74.6205354274037,"Hier leben rund <b> 77 810 deutsche Personen</b> zwischen 18 und 24 Jahren. Zwischen 2022 und 2024 sind <b>17 418 mehr 18- bis 24-Jährige</b> zugezogen als fortgezogen. Das entspricht einem durchschnittlichen jährlichen Wanderungssaldo von <b>+74,6 je 1.000 Personen</b>."
"09163","Rosenheim, Stadt",37.8625134264232,"Hier leben rund <b>  3720 deutsche Personen</b> zwischen 18 und 24 Jahren. Zwischen 2022 und 2024 sind <b>  423 mehr 18- bis 24-Jährige</b> zugezogen als fortgezogen. Das entspricht einem durchschnittlichen jährlichen Wanderungssaldo von <b>+37,9 je 1.000 Personen</b>."
"09171","Altötting",-12.2878581860301,"Hier leben rund <b>  6620 deutsche Personen</b> zwischen 18 und 24 Jahren. Zwischen 2022 und 2024 sind <b>  244 mehr 18- bis 24-Jährige</b> fortgezogen als zugezogen. Das entspricht einem durchschnittlichen jährlichen Wanderungssaldo von <b>-12,3 je 1.000 Personen</b>."
"09172","Berchtesgadener Land",-9.45665245435662,"Hier leben rund <b>  6100 deutsche Personen</b> zwischen 18 und 24 Jahren. Zwischen 2022 und 2024 sind <b>  173 mehr 18- bis 24-Jährige</b> fortgezogen als zugezogen. Das entspricht einem durchschnittlichen jährlichen Wanderungssaldo von <b>-9,5 je 1.000 Personen</b>."
"09173","Bad Tölz-Wolfratshausen",-25.7563729381671,"Hier leben rund <b>  7560 deutsche Personen</b> zwischen 18 und 24 Jahren. Zwischen 2022 und 2024 sind <b>  584 mehr 18- bis 24-Jährige</b> fortgezogen als zugezogen. Das entspricht einem durchschnittlichen jährlichen Wanderungssaldo von <b>-25,8 je 1.000 Personen</b>."
"09174","Dachau",-15.0105868118572,"Hier leben rund <b>  8820 deutsche Personen</b> zwischen 18 und 24 Jahren. Zwischen 2022 und 2024 sind <b>  397 mehr 18- bis 24-Jährige</b> fortgezogen als zugezogen. Das entspricht einem durchschnittlichen jährlichen Wanderungssaldo von <b>-15,0 je 1.000 Personen</b>."
"09175","Ebersberg",-28.5990338164251,"Hier leben rund <b>  8620 deutsche Personen</b> zwischen 18 und 24 Jahren. Zwischen 2022 und 2024 sind <b>  740 mehr 18- bis 24-Jährige</b> fortgezogen als zugezogen. Das entspricht einem durchschnittlichen jährlichen Wanderungssaldo von <b>-28,6 je 1.000 Personen</b>."
"09176","Eichstätt",-17.7652582159624,"Hier leben rund <b>  8880 deutsche Personen</b> zwischen 18 und 24 Jahren. Zwischen 2022 und 2024 sind <b>  473 mehr 18- bis 24-Jährige</b> fortgezogen als zugezogen. Das entspricht einem durchschnittlichen jährlichen Wanderungssaldo von <b>-17,8 je 1.000 Personen</b>."
"09177","Erding",-14.1065830721003,"Hier leben rund <b>  8930 deutsche Personen</b> zwischen 18 und 24 Jahren. Zwischen 2022 und 2024 sind <b>  378 mehr 18- bis 24-Jährige</b> fortgezogen als zugezogen. Das entspricht einem durchschnittlichen jährlichen Wanderungssaldo von <b>-14,1 je 1.000 Personen</b>."
"09178","Freising",12.7496812579686,"Hier leben rund <b> 11 760 deutsche Personen</b> zwischen 18 und 24 Jahren. Zwischen 2022 und 2024 sind <b>  450 mehr 18- bis 24-Jährige</b> zugezogen als fortgezogen. Das entspricht einem durchschnittlichen jährlichen Wanderungssaldo von <b>+12,7 je 1.000 Personen</b>."
"09179","Fürstenfeldbruck",-24.5298219296052,"Hier leben rund <b> 12 000 deutsche Personen</b> zwischen 18 und 24 Jahren. Zwischen 2022 und 2024 sind <b>  883 mehr 18- bis 24-Jährige</b> fortgezogen als zugezogen. Das entspricht einem durchschnittlichen jährlichen Wanderungssaldo von <b>-24,5 je 1.000 Personen</b>."
"09180","Garmisch-Partenkirchen",-13.4254689042448,"Hier leben rund <b>  5060 deutsche Personen</b> zwischen 18 und 24 Jahren. Zwischen 2022 und 2024 sind <b>  204 mehr 18- bis 24-Jährige</b> fortgezogen als zugezogen. Das entspricht einem durchschnittlichen jährlichen Wanderungssaldo von <b>-13,4 je 1.000 Personen</b>."
"09181","Landsberg am Lech",-31.5579167234255,"Hier leben rund <b>  7340 deutsche Personen</b> zwischen 18 und 24 Jahren. Zwischen 2022 und 2024 sind <b>  695 mehr 18- bis 24-Jährige</b> fortgezogen als zugezogen. Das entspricht einem durchschnittlichen jährlichen Wanderungssaldo von <b>-31,6 je 1.000 Personen</b>."
"09182","Miesbach",-24.4298656669791,"Hier leben rund <b>  5340 deutsche Personen</b> zwischen 18 und 24 Jahren. Zwischen 2022 und 2024 sind <b>  391 mehr 18- bis 24-Jährige</b> fortgezogen als zugezogen. Das entspricht einem durchschnittlichen jährlichen Wanderungssaldo von <b>-24,4 je 1.000 Personen</b>."
"09183","Mühldorf a.Inn",-12.2008009686132,"Hier leben rund <b>  7160 deutsche Personen</b> zwischen 18 und 24 Jahren. Zwischen 2022 und 2024 sind <b>  262 mehr 18- bis 24-Jährige</b> fortgezogen als zugezogen. Das entspricht einem durchschnittlichen jährlichen Wanderungssaldo von <b>-12,2 je 1.000 Personen</b>."
"09184","München, Landkreis",-14.3581637357571,"Hier leben rund <b> 20 240 deutsche Personen</b> zwischen 18 und 24 Jahren. Zwischen 2022 und 2024 sind <b>  872 mehr 18- bis 24-Jährige</b> fortgezogen als zugezogen. Das entspricht einem durchschnittlichen jährlichen Wanderungssaldo von <b>-14,4 je 1.000 Personen</b>."
"09185","Neuburg-Schrobenhausen",-11.9321291735085,"Hier leben rund <b>  6090 deutsche Personen</b> zwischen 18 und 24 Jahren. Zwischen 2022 und 2024 sind <b>  218 mehr 18- bis 24-Jährige</b> fortgezogen als zugezogen. Das entspricht einem durchschnittlichen jährlichen Wanderungssaldo von <b>-11,9 je 1.000 Personen</b>."
"09186","Pfaffenhofen a.d.Ilm",-15.5141257878267,"Hier leben rund <b>  7560 deutsche Personen</b> zwischen 18 und 24 Jahren. Zwischen 2022 und 2024 sind <b>  352 mehr 18- bis 24-Jährige</b> fortgezogen als zugezogen. Das entspricht einem durchschnittlichen jährlichen Wanderungssaldo von <b>-15,5 je 1.000 Personen</b>."
"09187","Rosenheim, Landkreis",-19.7223133267738,"Hier leben rund <b> 15 240 deutsche Personen</b> zwischen 18 und 24 Jahren. Zwischen 2022 und 2024 sind <b>  902 mehr 18- bis 24-Jährige</b> fortgezogen als zugezogen. Das entspricht einem durchschnittlichen jährlichen Wanderungssaldo von <b>-19,7 je 1.000 Personen</b>."
"09188","Starnberg",-45.0155150561601,"Hier leben rund <b>  7630 deutsche Personen</b> zwischen 18 und 24 Jahren. Zwischen 2022 und 2024 sind <b> 1030 mehr 18- bis 24-Jährige</b> fortgezogen als zugezogen. Das entspricht einem durchschnittlichen jährlichen Wanderungssaldo von <b>-45,0 je 1.000 Personen</b>."
"09189","Traunstein",-20.228146969094,"Hier leben rund <b> 10 050 deutsche Personen</b> zwischen 18 und 24 Jahren. Zwischen 2022 und 2024 sind <b>  610 mehr 18- bis 24-Jährige</b> fortgezogen als zugezogen. Das entspricht einem durchschnittlichen jährlichen Wanderungssaldo von <b>-20,2 je 1.000 Personen</b>."
"09190","Weilheim-Schongau",-24.4225216554379,"Hier leben rund <b>  8310 deutsche Personen</b> zwischen 18 und 24 Jahren. Zwischen 2022 und 2024 sind <b>  609 mehr 18- bis 24-Jährige</b> fortgezogen als zugezogen. Das entspricht einem durchschnittlichen jährlichen Wanderungssaldo von <b>-24,4 je 1.000 Personen</b>."
"09261","Landshut, Stadt",40.9008542583484,"Hier leben rund <b>  3860 deutsche Personen</b> zwischen 18 und 24 Jahren. Zwischen 2022 und 2024 sind <b>  474 mehr 18- bis 24-Jährige</b> zugezogen als fortgezogen. Das entspricht einem durchschnittlichen jährlichen Wanderungssaldo von <b>+40,9 je 1.000 Personen</b>."
"09262","Passau, Stadt",24.8075917208399,"Hier leben rund <b>  4460 deutsche Personen</b> zwischen 18 und 24 Jahren. Zwischen 2022 und 2024 sind <b>  332 mehr 18- bis 24-Jährige</b> zugezogen als fortgezogen. Das entspricht einem durchschnittlichen jährlichen Wanderungssaldo von <b>+24,8 je 1.000 Personen</b>."
"09263","Straubing",17.3665111456713,"Hier leben rund <b>  2570 deutsche Personen</b> zwischen 18 und 24 Jahren. Zwischen 2022 und 2024 sind <b>  134 mehr 18- bis 24-Jährige</b> zugezogen als fortgezogen. Das entspricht einem durchschnittlichen jährlichen Wanderungssaldo von <b>+17,4 je 1.000 Personen</b>."
"09271","Deggendorf",-1.15118956254797,"Hier leben rund <b>  7820 deutsche Personen</b> zwischen 18 und 24 Jahren. Zwischen 2022 und 2024 sind <b>   27 mehr 18- bis 24-Jährige</b> fortgezogen als zugezogen. Das entspricht einem durchschnittlichen jährlichen Wanderungssaldo von <b>-1,2 je 1.000 Personen</b>."
"09272","Freyung-Grafenau",-14.6648497826228,"Hier leben rund <b>  5140 deutsche Personen</b> zwischen 18 und 24 Jahren. Zwischen 2022 und 2024 sind <b>  226 mehr 18- bis 24-Jährige</b> fortgezogen als zugezogen. Das entspricht einem durchschnittlichen jährlichen Wanderungssaldo von <b>-14,7 je 1.000 Personen</b>."
"09273","Kelheim",-17.6614670620085,"Hier leben rund <b>  7760 deutsche Personen</b> zwischen 18 und 24 Jahren. Zwischen 2022 und 2024 sind <b>  411 mehr 18- bis 24-Jährige</b> fortgezogen als zugezogen. Das entspricht einem durchschnittlichen jährlichen Wanderungssaldo von <b>-17,7 je 1.000 Personen</b>."
"09274","Landshut, Landkreis",-19.9502944881354,"Hier leben rund <b>  9790 deutsche Personen</b> zwischen 18 und 24 Jahren. Zwischen 2022 und 2024 sind <b>  586 mehr 18- bis 24-Jährige</b> fortgezogen als zugezogen. Das entspricht einem durchschnittlichen jährlichen Wanderungssaldo von <b>-20,0 je 1.000 Personen</b>."
"09275","Passau, Landkreis",-13.2529096933141,"Hier leben rund <b> 11 770 deutsche Personen</b> zwischen 18 und 24 Jahren. Zwischen 2022 und 2024 sind <b>  468 mehr 18- bis 24-Jährige</b> fortgezogen als zugezogen. Das entspricht einem durchschnittlichen jährlichen Wanderungssaldo von <b>-13,3 je 1.000 Personen</b>."
"09276","Regen",-17.3053152039555,"Hier leben rund <b>  4850 deutsche Personen</b> zwischen 18 und 24 Jahren. Zwischen 2022 und 2024 sind <b>  252 mehr 18- bis 24-Jährige</b> fortgezogen als zugezogen. Das entspricht einem durchschnittlichen jährlichen Wanderungssaldo von <b>-17,3 je 1.000 Personen</b>."
"09277","Rottal-Inn",-16.0304306480098,"Hier leben rund <b>  7360 deutsche Personen</b> zwischen 18 und 24 Jahren. Zwischen 2022 und 2024 sind <b>  354 mehr 18- bis 24-Jährige</b> fortgezogen als zugezogen. Das entspricht einem durchschnittlichen jährlichen Wanderungssaldo von <b>-16,0 je 1.000 Personen</b>."
"09278","Straubing-Bogen",-20.9804523590216,"Hier leben rund <b>  6510 deutsche Personen</b> zwischen 18 und 24 Jahren. Zwischen 2022 und 2024 sind <b>  410 mehr 18- bis 24-Jährige</b> fortgezogen als zugezogen. Das entspricht einem durchschnittlichen jährlichen Wanderungssaldo von <b>-21,0 je 1.000 Personen</b>."
"09279","Dingolfing-Landau",-15.2196856079542,"Hier leben rund <b>  6000 deutsche Personen</b> zwischen 18 und 24 Jahren. Zwischen 2022 und 2024 sind <b>  274 mehr 18- bis 24-Jährige</b> fortgezogen als zugezogen. Das entspricht einem durchschnittlichen jährlichen Wanderungssaldo von <b>-15,2 je 1.000 Personen</b>."
"09361","Amberg",14.4237131136694,"Hier leben rund <b>  2520 deutsche Personen</b> zwischen 18 und 24 Jahren. Zwischen 2022 und 2024 sind <b>  109 mehr 18- bis 24-Jährige</b> zugezogen als fortgezogen. Das entspricht einem durchschnittlichen jährlichen Wanderungssaldo von <b>+14,4 je 1.000 Personen</b>."
"09362","Regensburg, Stadt",92.4117415951058,"Hier leben rund <b> 11 880 deutsche Personen</b> zwischen 18 und 24 Jahren. Zwischen 2022 und 2024 sind <b> 3293 mehr 18- bis 24-Jährige</b> zugezogen als fortgezogen. Das entspricht einem durchschnittlichen jährlichen Wanderungssaldo von <b>+92,4 je 1.000 Personen</b>."
"09363","Weiden i.d.OPf.",5.38442273979464,"Hier leben rund <b>  2660 deutsche Personen</b> zwischen 18 und 24 Jahren. Zwischen 2022 und 2024 sind <b>   43 mehr 18- bis 24-Jährige</b> zugezogen als fortgezogen. Das entspricht einem durchschnittlichen jährlichen Wanderungssaldo von <b>+5,4 je 1.000 Personen</b>."
"09371","Amberg-Sulzbach",-24.7479376718607,"Hier leben rund <b>  6550 deutsche Personen</b> zwischen 18 und 24 Jahren. Zwischen 2022 und 2024 sind <b>  486 mehr 18- bis 24-Jährige</b> fortgezogen als zugezogen. Das entspricht einem durchschnittlichen jährlichen Wanderungssaldo von <b>-24,7 je 1.000 Personen</b>."
"09372","Cham",-9.99746899519109,"Hier leben rund <b>  7900 deutsche Personen</b> zwischen 18 und 24 Jahren. Zwischen 2022 und 2024 sind <b>  237 mehr 18- bis 24-Jährige</b> fortgezogen als zugezogen. Das entspricht einem durchschnittlichen jährlichen Wanderungssaldo von <b>-10,0 je 1.000 Personen</b>."
"09373","Neumarkt i.d.OPf.",-14.0319112821093,"Hier leben rund <b>  8840 deutsche Personen</b> zwischen 18 und 24 Jahren. Zwischen 2022 und 2024 sind <b>  372 mehr 18- bis 24-Jährige</b> fortgezogen als zugezogen. Das entspricht einem durchschnittlichen jährlichen Wanderungssaldo von <b>-14,0 je 1.000 Personen</b>."
"09374","Neustadt a.d.Waldnaab",-20.4574742268041,"Hier leben rund <b>  6210 deutsche Personen</b> zwischen 18 und 24 Jahren. Zwischen 2022 und 2024 sind <b>  381 mehr 18- bis 24-Jährige</b> fortgezogen als zugezogen. Das entspricht einem durchschnittlichen jährlichen Wanderungssaldo von <b>-20,5 je 1.000 Personen</b>."
"09375","Regensburg, Landkreis",-21.2977590544731,"Hier leben rund <b> 11 390 deutsche Personen</b> zwischen 18 und 24 Jahren. Zwischen 2022 und 2024 sind <b>  728 mehr 18- bis 24-Jährige</b> fortgezogen als zugezogen. Das entspricht einem durchschnittlichen jährlichen Wanderungssaldo von <b>-21,3 je 1.000 Personen</b>."
"09376","Schwandorf",-16.4564694046207,"Hier leben rund <b>  9280 deutsche Personen</b> zwischen 18 und 24 Jahren. Zwischen 2022 und 2024 sind <b>  458 mehr 18- bis 24-Jährige</b> fortgezogen als zugezogen. Das entspricht einem durchschnittlichen jährlichen Wanderungssaldo von <b>-16,5 je 1.000 Personen</b>."
"09377","Tirschenreuth",-14.3571894713944,"Hier leben rund <b>  4600 deutsche Personen</b> zwischen 18 und 24 Jahren. Zwischen 2022 und 2024 sind <b>  198 mehr 18- bis 24-Jährige</b> fortgezogen als zugezogen. Das entspricht einem durchschnittlichen jährlichen Wanderungssaldo von <b>-14,4 je 1.000 Personen</b>."
"09461","Bamberg, Stadt",42.1323579218316,"Hier leben rund <b>  4920 deutsche Personen</b> zwischen 18 und 24 Jahren. Zwischen 2022 und 2024 sind <b>  622 mehr 18- bis 24-Jährige</b> zugezogen als fortgezogen. Das entspricht einem durchschnittlichen jährlichen Wanderungssaldo von <b>+42,1 je 1.000 Personen</b>."
"09462","Bayreuth, Stadt",47.9616306954436,"Hier leben rund <b>  7370 deutsche Personen</b> zwischen 18 und 24 Jahren. Zwischen 2022 und 2024 sind <b> 1060 mehr 18- bis 24-Jährige</b> zugezogen als fortgezogen. Das entspricht einem durchschnittlichen jährlichen Wanderungssaldo von <b>+48,0 je 1.000 Personen</b>."
"09463","Coburg, Stadt",28.9322054676965,"Hier leben rund <b>  2720 deutsche Personen</b> zwischen 18 und 24 Jahren. Zwischen 2022 und 2024 sind <b>  236 mehr 18- bis 24-Jährige</b> zugezogen als fortgezogen. Das entspricht einem durchschnittlichen jährlichen Wanderungssaldo von <b>+28,9 je 1.000 Personen</b>."
"09464","Hof, Stadt",15.2143845089903,"Hier leben rund <b>  2650 deutsche Personen</b> zwischen 18 und 24 Jahren. Zwischen 2022 und 2024 sind <b>  121 mehr 18- bis 24-Jährige</b> zugezogen als fortgezogen. Das entspricht einem durchschnittlichen jährlichen Wanderungssaldo von <b>+15,2 je 1.000 Personen</b>."
"09471","Bamberg, Landkreis",-28.8307915758896,"Hier leben rund <b>  9180 deutsche Personen</b> zwischen 18 und 24 Jahren. Zwischen 2022 und 2024 sind <b>  794 mehr 18- bis 24-Jährige</b> fortgezogen als zugezogen. Das entspricht einem durchschnittlichen jährlichen Wanderungssaldo von <b>-28,8 je 1.000 Personen</b>."
"09472","Bayreuth, Landkreis",-28.8059221113614,"Hier leben rund <b>  6210 deutsche Personen</b> zwischen 18 und 24 Jahren. Zwischen 2022 und 2024 sind <b>  537 mehr 18- bis 24-Jährige</b> fortgezogen als zugezogen. Das entspricht einem durchschnittlichen jährlichen Wanderungssaldo von <b>-28,8 je 1.000 Personen</b>."
"09473","Coburg, Landkreis",-32.1993560128797,"Hier leben rund <b>  4760 deutsche Personen</b> zwischen 18 und 24 Jahren. Zwischen 2022 und 2024 sind <b>  460 mehr 18- bis 24-Jährige</b> fortgezogen als zugezogen. Das entspricht einem durchschnittlichen jährlichen Wanderungssaldo von <b>-32,2 je 1.000 Personen</b>."
"09474","Forchheim",-26.8494715795487,"Hier leben rund <b>  7000 deutsche Personen</b> zwischen 18 und 24 Jahren. Zwischen 2022 und 2024 sind <b>  564 mehr 18- bis 24-Jährige</b> fortgezogen als zugezogen. Das entspricht einem durchschnittlichen jährlichen Wanderungssaldo von <b>-26,8 je 1.000 Personen</b>."
"09475","Hof, Landkreis",-30.2466840213214,"Hier leben rund <b>  5380 deutsche Personen</b> zwischen 18 und 24 Jahren. Zwischen 2022 und 2024 sind <b>  488 mehr 18- bis 24-Jährige</b> fortgezogen als zugezogen. Das entspricht einem durchschnittlichen jährlichen Wanderungssaldo von <b>-30,2 je 1.000 Personen</b>."
"09476","Kronach",-31.4679218967922,"Hier leben rund <b>  3820 deutsche Personen</b> zwischen 18 und 24 Jahren. Zwischen 2022 und 2024 sind <b>  361 mehr 18- bis 24-Jährige</b> fortgezogen als zugezogen. Das entspricht einem durchschnittlichen jährlichen Wanderungssaldo von <b>-31,5 je 1.000 Personen</b>."
"09477","Kulmbach",-22.8299828580334,"Hier leben rund <b>  4280 deutsche Personen</b> zwischen 18 und 24 Jahren. Zwischen 2022 und 2024 sind <b>  293 mehr 18- bis 24-Jährige</b> fortgezogen als zugezogen. Das entspricht einem durchschnittlichen jährlichen Wanderungssaldo von <b>-22,8 je 1.000 Personen</b>."
"09478","Lichtenfels",-25.0191473066122,"Hier leben rund <b>  3920 deutsche Personen</b> zwischen 18 und 24 Jahren. Zwischen 2022 und 2024 sind <b>  294 mehr 18- bis 24-Jährige</b> fortgezogen als zugezogen. Das entspricht einem durchschnittlichen jährlichen Wanderungssaldo von <b>-25,0 je 1.000 Personen</b>."
"09479","Wunsiedel i.Fichtelgebirge",-13.568296516919,"Hier leben rund <b>  4030 deutsche Personen</b> zwischen 18 und 24 Jahren. Zwischen 2022 und 2024 sind <b>  164 mehr 18- bis 24-Jährige</b> fortgezogen als zugezogen. Das entspricht einem durchschnittlichen jährlichen Wanderungssaldo von <b>-13,6 je 1.000 Personen</b>."
"09561","Ansbach, Stadt",-8.67360555110755,"Hier leben rund <b>  2500 deutsche Personen</b> zwischen 18 und 24 Jahren. Zwischen 2022 und 2024 sind <b>   65 mehr 18- bis 24-Jährige</b> fortgezogen als zugezogen. Das entspricht einem durchschnittlichen jährlichen Wanderungssaldo von <b>-8,7 je 1.000 Personen</b>."
"09562","Erlangen",56.0852713178295,"Hier leben rund <b>  8600 deutsche Personen</b> zwischen 18 und 24 Jahren. Zwischen 2022 und 2024 sind <b> 1447 mehr 18- bis 24-Jährige</b> zugezogen als fortgezogen. Das entspricht einem durchschnittlichen jährlichen Wanderungssaldo von <b>+56,1 je 1.000 Personen</b>."
"09563","Fürth, Stadt",18.7680234482107,"Hier leben rund <b>  7050 deutsche Personen</b> zwischen 18 und 24 Jahren. Zwischen 2022 und 2024 sind <b>  397 mehr 18- bis 24-Jährige</b> zugezogen als fortgezogen. Das entspricht einem durchschnittlichen jährlichen Wanderungssaldo von <b>+18,8 je 1.000 Personen</b>."
"09564","Nürnberg",49.9592723323378,"Hier leben rund <b> 29 460 deutsche Personen</b> zwischen 18 und 24 Jahren. Zwischen 2022 und 2024 sind <b> 4416 mehr 18- bis 24-Jährige</b> zugezogen als fortgezogen. Das entspricht einem durchschnittlichen jährlichen Wanderungssaldo von <b>+50,0 je 1.000 Personen</b>."
"09565","Schwabach",-24.4973095440385,"Hier leben rund <b>  2350 deutsche Personen</b> zwischen 18 und 24 Jahren. Zwischen 2022 und 2024 sind <b>  173 mehr 18- bis 24-Jährige</b> fortgezogen als zugezogen. Das entspricht einem durchschnittlichen jährlichen Wanderungssaldo von <b>-24,5 je 1.000 Personen</b>."
"09571","Ansbach, Landkreis",-24.3367245162577,"Hier leben rund <b> 11 700 deutsche Personen</b> zwischen 18 und 24 Jahren. Zwischen 2022 und 2024 sind <b>  854 mehr 18- bis 24-Jährige</b> fortgezogen als zugezogen. Das entspricht einem durchschnittlichen jährlichen Wanderungssaldo von <b>-24,3 je 1.000 Personen</b>."
"09572","Erlangen-Höchstadt",-29.869798315037,"Hier leben rund <b>  7830 deutsche Personen</b> zwischen 18 und 24 Jahren. Zwischen 2022 und 2024 sind <b>  702 mehr 18- bis 24-Jährige</b> fortgezogen als zugezogen. Das entspricht einem durchschnittlichen jährlichen Wanderungssaldo von <b>-29,9 je 1.000 Personen</b>."
"09573","Fürth, Landkreis",-27.2798129384256,"Hier leben rund <b>  6420 deutsche Personen</b> zwischen 18 und 24 Jahren. Zwischen 2022 und 2024 sind <b>  525 mehr 18- bis 24-Jährige</b> fortgezogen als zugezogen. Das entspricht einem durchschnittlichen jährlichen Wanderungssaldo von <b>-27,3 je 1.000 Personen</b>."
"09574","Nürnberger Land",-34.7628675818524,"Hier leben rund <b>  9400 deutsche Personen</b> zwischen 18 und 24 Jahren. Zwischen 2022 und 2024 sind <b>  980 mehr 18- bis 24-Jährige</b> fortgezogen als zugezogen. Das entspricht einem durchschnittlichen jährlichen Wanderungssaldo von <b>-34,8 je 1.000 Personen</b>."
"09575","Neustadt a.d.Aisch-Bad Windsheim",-27.8795956903254,"Hier leben rund <b>  6000 deutsche Personen</b> zwischen 18 und 24 Jahren. Zwischen 2022 und 2024 sind <b>  502 mehr 18- bis 24-Jährige</b> fortgezogen als zugezogen. Das entspricht einem durchschnittlichen jährlichen Wanderungssaldo von <b>-27,9 je 1.000 Personen</b>."
"09576","Roth",-32.6133539041742,"Hier leben rund <b>  7780 deutsche Personen</b> zwischen 18 und 24 Jahren. Zwischen 2022 und 2024 sind <b>  761 mehr 18- bis 24-Jährige</b> fortgezogen als zugezogen. Das entspricht einem durchschnittlichen jährlichen Wanderungssaldo von <b>-32,6 je 1.000 Personen</b>."
"09577","Weißenburg-Gunzenhausen",-20.829756795422,"Hier leben rund <b>  5820 deutsche Personen</b> zwischen 18 und 24 Jahren. Zwischen 2022 und 2024 sind <b>  364 mehr 18- bis 24-Jährige</b> fortgezogen als zugezogen. Das entspricht einem durchschnittlichen jährlichen Wanderungssaldo von <b>-20,8 je 1.000 Personen</b>."
"09661","Aschaffenburg, Stadt",13.4166666666667,"Hier leben rund <b>  4000 deutsche Personen</b> zwischen 18 und 24 Jahren. Zwischen 2022 und 2024 sind <b>  161 mehr 18- bis 24-Jährige</b> zugezogen als fortgezogen. Das entspricht einem durchschnittlichen jährlichen Wanderungssaldo von <b>+13,4 je 1.000 Personen</b>."
"09662","Schweinfurt, Stadt",10.5764760576476,"Hier leben rund <b>  2870 deutsche Personen</b> zwischen 18 und 24 Jahren. Zwischen 2022 und 2024 sind <b>   91 mehr 18- bis 24-Jährige</b> zugezogen als fortgezogen. Das entspricht einem durchschnittlichen jährlichen Wanderungssaldo von <b>+10,6 je 1.000 Personen</b>."
"09663","Würzburg, Stadt",95.568430146872,"Hier leben rund <b> 13 120 deutsche Personen</b> zwischen 18 und 24 Jahren. Zwischen 2022 und 2024 sind <b> 3761 mehr 18- bis 24-Jährige</b> zugezogen als fortgezogen. Das entspricht einem durchschnittlichen jährlichen Wanderungssaldo von <b>+95,6 je 1.000 Personen</b>."
"09671","Aschaffenburg",-33.4477141173616,"Hier leben rund <b>  9620 deutsche Personen</b> zwischen 18 und 24 Jahren. Zwischen 2022 und 2024 sind <b>  965 mehr 18- bis 24-Jährige</b> fortgezogen als zugezogen. Das entspricht einem durchschnittlichen jährlichen Wanderungssaldo von <b>-33,4 je 1.000 Personen</b>."
"09672","Aschaffenburg, Landkreis",-29.931277332879,"Hier leben rund <b>  5870 deutsche Personen</b> zwischen 18 und 24 Jahren. Zwischen 2022 und 2024 sind <b>  527 mehr 18- bis 24-Jährige</b> fortgezogen als zugezogen. Das entspricht einem durchschnittlichen jährlichen Wanderungssaldo von <b>-29,9 je 1.000 Personen</b>."
"09673","Rhön-Grabfeld",-23.7313636985365,"Hier leben rund <b>  4870 deutsche Personen</b> zwischen 18 und 24 Jahren. Zwischen 2022 und 2024 sind <b>  347 mehr 18- bis 24-Jährige</b> fortgezogen als zugezogen. Das entspricht einem durchschnittlichen jährlichen Wanderungssaldo von <b>-23,7 je 1.000 Personen</b>."
"09674","Haßberge",-24.6699987184416,"Hier leben rund <b>  5200 deutsche Personen</b> zwischen 18 und 24 Jahren. Zwischen 2022 und 2024 sind <b>  385 mehr 18- bis 24-Jährige</b> fortgezogen als zugezogen. Das entspricht einem durchschnittlichen jährlichen Wanderungssaldo von <b>-24,7 je 1.000 Personen</b>."
"09675","Kitzingen",-24.3580060422961,"Hier leben rund <b>  5300 deutsche Personen</b> zwischen 18 und 24 Jahren. Zwischen 2022 und 2024 sind <b>  387 mehr 18- bis 24-Jährige</b> fortgezogen als zugezogen. Das entspricht einem durchschnittlichen jährlichen Wanderungssaldo von <b>-24,4 je 1.000 Personen</b>."
"09676","Miltenberg",-27.1235776660492,"Hier leben rund <b>  7560 deutsche Personen</b> zwischen 18 und 24 Jahren. Zwischen 2022 und 2024 sind <b>  615 mehr 18- bis 24-Jährige</b> fortgezogen als zugezogen. Das entspricht einem durchschnittlichen jährlichen Wanderungssaldo von <b>-27,1 je 1.000 Personen</b>."
"09677","Main-Spessart",-30.106934691817,"Hier leben rund <b>  7260 deutsche Personen</b> zwischen 18 und 24 Jahren. Zwischen 2022 und 2024 sind <b>  656 mehr 18- bis 24-Jährige</b> fortgezogen als zugezogen. Das entspricht einem durchschnittlichen jährlichen Wanderungssaldo von <b>-30,1 je 1.000 Personen</b>."
"09678","Schweinfurt, Landkreis",-29.8389095415118,"Hier leben rund <b>  6720 deutsche Personen</b> zwischen 18 und 24 Jahren. Zwischen 2022 und 2024 sind <b>  602 mehr 18- bis 24-Jährige</b> fortgezogen als zugezogen. Das entspricht einem durchschnittlichen jährlichen Wanderungssaldo von <b>-29,8 je 1.000 Personen</b>."
"09679","Würzburg, Landkreis",-27.3791675590776,"Hier leben rund <b>  9340 deutsche Personen</b> zwischen 18 und 24 Jahren. Zwischen 2022 und 2024 sind <b>  767 mehr 18- bis 24-Jährige</b> fortgezogen als zugezogen. Das entspricht einem durchschnittlichen jährlichen Wanderungssaldo von <b>-27,4 je 1.000 Personen</b>."
"09761","Augsburg, Stadt",52.4531312325489,"Hier leben rund <b> 20 060 deutsche Personen</b> zwischen 18 und 24 Jahren. Zwischen 2022 und 2024 sind <b> 3156 mehr 18- bis 24-Jährige</b> zugezogen als fortgezogen. Das entspricht einem durchschnittlichen jährlichen Wanderungssaldo von <b>+52,5 je 1.000 Personen</b>."
"09762","Kaufbeuren",-6.69953229680192,"Hier leben rund <b>  2640 deutsche Personen</b> zwischen 18 und 24 Jahren. Zwischen 2022 und 2024 sind <b>   53 mehr 18- bis 24-Jährige</b> fortgezogen als zugezogen. Das entspricht einem durchschnittlichen jährlichen Wanderungssaldo von <b>-6,7 je 1.000 Personen</b>."
"09763","Kempten (Allgäu)",19.5619982854025,"Hier leben rund <b>  4280 deutsche Personen</b> zwischen 18 und 24 Jahren. Zwischen 2022 und 2024 sind <b>  251 mehr 18- bis 24-Jährige</b> zugezogen als fortgezogen. Das entspricht einem durchschnittlichen jährlichen Wanderungssaldo von <b>+19,6 je 1.000 Personen</b>."
"09764","Memmingen",-12.2177954847278,"Hier leben rund <b>  2510 deutsche Personen</b> zwischen 18 und 24 Jahren. Zwischen 2022 und 2024 sind <b>   92 mehr 18- bis 24-Jährige</b> fortgezogen als zugezogen. Das entspricht einem durchschnittlichen jährlichen Wanderungssaldo von <b>-12,2 je 1.000 Personen</b>."
"09771","Aichach-Friedberg",-23.9563567362429,"Hier leben rund <b>  8430 deutsche Personen</b> zwischen 18 und 24 Jahren. Zwischen 2022 und 2024 sind <b>  606 mehr 18- bis 24-Jährige</b> fortgezogen als zugezogen. Das entspricht einem durchschnittlichen jährlichen Wanderungssaldo von <b>-24,0 je 1.000 Personen</b>."
"09772","Augsburg, Landkreis",-23.5391681551416,"Hier leben rund <b> 15 680 deutsche Personen</b> zwischen 18 und 24 Jahren. Zwischen 2022 und 2024 sind <b> 1107 mehr 18- bis 24-Jährige</b> fortgezogen als zugezogen. Das entspricht einem durchschnittlichen jährlichen Wanderungssaldo von <b>-23,5 je 1.000 Personen</b>."
"09773","Dillingen a.d.Donau",-19.2931258106355,"Hier leben rund <b>  6170 deutsche Personen</b> zwischen 18 und 24 Jahren. Zwischen 2022 und 2024 sind <b>  357 mehr 18- bis 24-Jährige</b> fortgezogen als zugezogen. Das entspricht einem durchschnittlichen jährlichen Wanderungssaldo von <b>-19,3 je 1.000 Personen</b>."
"09774","Günzburg",-16.5908708101735,"Hier leben rund <b>  7920 deutsche Personen</b> zwischen 18 und 24 Jahren. Zwischen 2022 und 2024 sind <b>  394 mehr 18- bis 24-Jährige</b> fortgezogen als zugezogen. Das entspricht einem durchschnittlichen jährlichen Wanderungssaldo von <b>-16,6 je 1.000 Personen</b>."
"09775","Neu-Ulm",1.98249306127429,"Hier leben rund <b> 10 930 deutsche Personen</b> zwischen 18 und 24 Jahren. Zwischen 2022 und 2024 sind <b>   65 mehr 18- bis 24-Jährige</b> zugezogen als fortgezogen. Das entspricht einem durchschnittlichen jährlichen Wanderungssaldo von <b>+2,0 je 1.000 Personen</b>."
"09776","Lindau (Bodensee)",-32.3000216778669,"Hier leben rund <b>  4610 deutsche Personen</b> zwischen 18 und 24 Jahren. Zwischen 2022 und 2024 sind <b>  447 mehr 18- bis 24-Jährige</b> fortgezogen als zugezogen. Das entspricht einem durchschnittlichen jährlichen Wanderungssaldo von <b>-32,3 je 1.000 Personen</b>."
"09777","Ostallgäu",-18.627564176577,"Hier leben rund <b>  8660 deutsche Personen</b> zwischen 18 und 24 Jahren. Zwischen 2022 und 2024 sind <b>  484 mehr 18- bis 24-Jährige</b> fortgezogen als zugezogen. Das entspricht einem durchschnittlichen jährlichen Wanderungssaldo von <b>-18,6 je 1.000 Personen</b>."
"09778","Unterallgäu",-19.5399732023225,"Hier leben rund <b>  8960 deutsche Personen</b> zwischen 18 und 24 Jahren. Zwischen 2022 und 2024 sind <b>  525 mehr 18- bis 24-Jährige</b> fortgezogen als zugezogen. Das entspricht einem durchschnittlichen jährlichen Wanderungssaldo von <b>-19,5 je 1.000 Personen</b>."
"09779","Donau-Ries",-17.4320229803644,"Hier leben rund <b>  8470 deutsche Personen</b> zwischen 18 und 24 Jahren. Zwischen 2022 und 2024 sind <b>  443 mehr 18- bis 24-Jährige</b> fortgezogen als zugezogen. Das entspricht einem durchschnittlichen jährlichen Wanderungssaldo von <b>-17,4 je 1.000 Personen</b>."
"09780","Oberallgäu",-24.8430864058331,"Hier leben rund <b>  8870 deutsche Personen</b> zwischen 18 und 24 Jahren. Zwischen 2022 und 2024 sind <b>  661 mehr 18- bis 24-Jährige</b> fortgezogen als zugezogen. Das entspricht einem durchschnittlichen jährlichen Wanderungssaldo von <b>-24,8 je 1.000 Personen</b>."
