"zielkreis_ags","zielkreis","p_x30_bis_49_jahre","tooltip"
"01001","Flensburg, Stadt",-1.05390431848122,"Hier leben rund <b> 18 470 deutsche Personen</b> zwischen 30 und 49 Jahren. Zwischen 2022 und 2024 sind <b>  584 mehr 30- bis 49-Jährige</b> fortgezogen als zugezogen. Das entspricht einem durchschnittlichen jährlichen Wanderungssaldo von <b>-1,1 je 100 Personen</b>."
"01002","Kiel, Landeshauptstadt",-2.13870095565606,"Hier leben rund <b> 53 510 deutsche Personen</b> zwischen 30 und 49 Jahren. Zwischen 2022 und 2024 sind <b> 3433 mehr 30- bis 49-Jährige</b> fortgezogen als zugezogen. Das entspricht einem durchschnittlichen jährlichen Wanderungssaldo von <b>-2,1 je 100 Personen</b>."
"01003","Lübeck, Hansestadt",-0.683511426032672,"Hier leben rund <b> 43 890 deutsche Personen</b> zwischen 30 und 49 Jahren. Zwischen 2022 und 2024 sind <b>  900 mehr 30- bis 49-Jährige</b> fortgezogen als zugezogen. Das entspricht einem durchschnittlichen jährlichen Wanderungssaldo von <b>-0,7 je 100 Personen</b>."
"01004","Neumünster, Stadt",0.129519926959254,"Hier leben rund <b> 15 700 deutsche Personen</b> zwischen 30 und 49 Jahren. Zwischen 2022 und 2024 sind <b>   61 mehr 30- bis 49-Jährige</b> zugezogen als fortgezogen. Das entspricht einem durchschnittlichen jährlichen Wanderungssaldo von <b>+0,1 je 100 Personen</b>."
"10041","Regionalverband Saarbrücken",-0.655656999641962,"Hier leben rund <b> 59 580 deutsche Personen</b> zwischen 30 und 49 Jahren. Zwischen 2022 und 2024 sind <b> 1172 mehr 30- bis 49-Jährige</b> fortgezogen als zugezogen. Das entspricht einem durchschnittlichen jährlichen Wanderungssaldo von <b>-0,7 je 100 Personen</b>."
"10042","Merzig-Wadern",0.205997892114592,"Hier leben rund <b> 20 870 deutsche Personen</b> zwischen 30 und 49 Jahren. Zwischen 2022 und 2024 sind <b>  129 mehr 30- bis 49-Jährige</b> zugezogen als fortgezogen. Das entspricht einem durchschnittlichen jährlichen Wanderungssaldo von <b>+0,2 je 100 Personen</b>."
"10043","Neunkirchen",0.297468272215944,"Hier leben rund <b> 25 660 deutsche Personen</b> zwischen 30 und 49 Jahren. Zwischen 2022 und 2024 sind <b>  229 mehr 30- bis 49-Jährige</b> zugezogen als fortgezogen. Das entspricht einem durchschnittlichen jährlichen Wanderungssaldo von <b>+0,3 je 100 Personen</b>."
"10044","Saarlouis",0.316208164827667,"Hier leben rund <b> 40 060 deutsche Personen</b> zwischen 30 und 49 Jahren. Zwischen 2022 und 2024 sind <b>  380 mehr 30- bis 49-Jährige</b> zugezogen als fortgezogen. Das entspricht einem durchschnittlichen jährlichen Wanderungssaldo von <b>+0,3 je 100 Personen</b>."
"10045","Saarpfalz-Kreis",0.497017892644135,"Hier leben rund <b> 27 160 deutsche Personen</b> zwischen 30 und 49 Jahren. Zwischen 2022 und 2024 sind <b>  405 mehr 30- bis 49-Jährige</b> zugezogen als fortgezogen. Das entspricht einem durchschnittlichen jährlichen Wanderungssaldo von <b>+0,5 je 100 Personen</b>."
"10046","St. Wendel",0.570718200824999,"Hier leben rund <b> 17 700 deutsche Personen</b> zwischen 30 und 49 Jahren. Zwischen 2022 und 2024 sind <b>  303 mehr 30- bis 49-Jährige</b> zugezogen als fortgezogen. Das entspricht einem durchschnittlichen jährlichen Wanderungssaldo von <b>+0,6 je 100 Personen</b>."
"01051","Dithmarschen",0.989414052812259,"Hier leben rund <b> 25 540 deutsche Personen</b> zwischen 30 und 49 Jahren. Zwischen 2022 und 2024 sind <b>  758 mehr 30- bis 49-Jährige</b> zugezogen als fortgezogen. Das entspricht einem durchschnittlichen jährlichen Wanderungssaldo von <b>+1,0 je 100 Personen</b>."
"01053","Herzogtum Lauenburg",1.70503977131494,"Hier leben rund <b> 42 910 deutsche Personen</b> zwischen 30 und 49 Jahren. Zwischen 2022 und 2024 sind <b> 2195 mehr 30- bis 49-Jährige</b> zugezogen als fortgezogen. Das entspricht einem durchschnittlichen jährlichen Wanderungssaldo von <b>+1,7 je 100 Personen</b>."
"01054","Nordfriesland",0.672296134297228,"Hier leben rund <b> 32 920 deutsche Personen</b> zwischen 30 und 49 Jahren. Zwischen 2022 und 2024 sind <b>  664 mehr 30- bis 49-Jährige</b> zugezogen als fortgezogen. Das entspricht einem durchschnittlichen jährlichen Wanderungssaldo von <b>+0,7 je 100 Personen</b>."
"01055","Ostholstein",1.69151127962742,"Hier leben rund <b> 38 510 deutsche Personen</b> zwischen 30 und 49 Jahren. Zwischen 2022 und 2024 sind <b> 1954 mehr 30- bis 49-Jährige</b> zugezogen als fortgezogen. Das entspricht einem durchschnittlichen jährlichen Wanderungssaldo von <b>+1,7 je 100 Personen</b>."
"01056","Pinneberg",0.991607103344294,"Hier leben rund <b> 64 780 deutsche Personen</b> zwischen 30 und 49 Jahren. Zwischen 2022 und 2024 sind <b> 1927 mehr 30- bis 49-Jährige</b> zugezogen als fortgezogen. Das entspricht einem durchschnittlichen jährlichen Wanderungssaldo von <b>+1,0 je 100 Personen</b>."
"01057","Plön",2.11736706634072,"Hier leben rund <b> 25 770 deutsche Personen</b> zwischen 30 und 49 Jahren. Zwischen 2022 und 2024 sind <b> 1637 mehr 30- bis 49-Jährige</b> zugezogen als fortgezogen. Das entspricht einem durchschnittlichen jährlichen Wanderungssaldo von <b>+2,1 je 100 Personen</b>."
"01058","Rendsburg-Eckernförde",1.38796552246988,"Hier leben rund <b> 57 160 deutsche Personen</b> zwischen 30 und 49 Jahren. Zwischen 2022 und 2024 sind <b> 2380 mehr 30- bis 49-Jährige</b> zugezogen als fortgezogen. Das entspricht einem durchschnittlichen jährlichen Wanderungssaldo von <b>+1,4 je 100 Personen</b>."
"01059","Schleswig-Flensburg",1.53758633399035,"Hier leben rund <b> 41 600 deutsche Personen</b> zwischen 30 und 49 Jahren. Zwischen 2022 und 2024 sind <b> 1919 mehr 30- bis 49-Jährige</b> zugezogen als fortgezogen. Das entspricht einem durchschnittlichen jährlichen Wanderungssaldo von <b>+1,5 je 100 Personen</b>."
"01060","Segeberg",1.32031349808091,"Hier leben rund <b> 60 010 deutsche Personen</b> zwischen 30 und 49 Jahren. Zwischen 2022 und 2024 sind <b> 2377 mehr 30- bis 49-Jährige</b> zugezogen als fortgezogen. Das entspricht einem durchschnittlichen jährlichen Wanderungssaldo von <b>+1,3 je 100 Personen</b>."
"01061","Steinburg",1.48480925911825,"Hier leben rund <b> 26 270 deutsche Personen</b> zwischen 30 und 49 Jahren. Zwischen 2022 und 2024 sind <b> 1170 mehr 30- bis 49-Jährige</b> zugezogen als fortgezogen. Das entspricht einem durchschnittlichen jährlichen Wanderungssaldo von <b>+1,5 je 100 Personen</b>."
"01062","Stormarn",1.46030012223349,"Hier leben rund <b> 51 270 deutsche Personen</b> zwischen 30 und 49 Jahren. Zwischen 2022 und 2024 sind <b> 2246 mehr 30- bis 49-Jährige</b> zugezogen als fortgezogen. Das entspricht einem durchschnittlichen jährlichen Wanderungssaldo von <b>+1,5 je 100 Personen</b>."
"11000","Berlin, Stadt",-1.3259796096598,"Hier leben rund <b>773 670 deutsche Personen</b> zwischen 30 und 49 Jahren. Zwischen 2022 und 2024 sind <b>30 776 mehr 30- bis 49-Jährige</b> fortgezogen als zugezogen. Das entspricht einem durchschnittlichen jährlichen Wanderungssaldo von <b>-1,3 je 100 Personen</b>."
"12051","Brandenburg an der Havel, Stadt",0.650817114231748,"Hier leben rund <b> 16 240 deutsche Personen</b> zwischen 30 und 49 Jahren. Zwischen 2022 und 2024 sind <b>  317 mehr 30- bis 49-Jährige</b> zugezogen als fortgezogen. Das entspricht einem durchschnittlichen jährlichen Wanderungssaldo von <b>+0,7 je 100 Personen</b>."
"12052","Cottbus, Stadt",-0.780904931008286,"Hier leben rund <b> 18 870 deutsche Personen</b> zwischen 30 und 49 Jahren. Zwischen 2022 und 2024 sind <b>  442 mehr 30- bis 49-Jährige</b> fortgezogen als zugezogen. Das entspricht einem durchschnittlichen jährlichen Wanderungssaldo von <b>-0,8 je 100 Personen</b>."
"12053","Frankfurt (Oder), Stadt",-0.0761687137008474,"Hier leben rund <b> 10 500 deutsche Personen</b> zwischen 30 und 49 Jahren. Zwischen 2022 und 2024 sind <b>   24 mehr 30- bis 49-Jährige</b> fortgezogen als zugezogen. Das entspricht einem durchschnittlichen jährlichen Wanderungssaldo von <b>-0,1 je 100 Personen</b>."
"12054","Potsdam, Stadt",-0.873632700057571,"Hier leben rund <b> 46 320 deutsche Personen</b> zwischen 30 und 49 Jahren. Zwischen 2022 und 2024 sind <b> 1214 mehr 30- bis 49-Jährige</b> fortgezogen als zugezogen. Das entspricht einem durchschnittlichen jährlichen Wanderungssaldo von <b>-0,9 je 100 Personen</b>."
"12060","Barnim",2.16958523960845,"Hier leben rund <b> 44 370 deutsche Personen</b> zwischen 30 und 49 Jahren. Zwischen 2022 und 2024 sind <b> 2888 mehr 30- bis 49-Jährige</b> zugezogen als fortgezogen. Das entspricht einem durchschnittlichen jährlichen Wanderungssaldo von <b>+2,2 je 100 Personen</b>."
"12061","Dahme-Spreewald",1.91951382198177,"Hier leben rund <b> 40 480 deutsche Personen</b> zwischen 30 und 49 Jahren. Zwischen 2022 und 2024 sind <b> 2331 mehr 30- bis 49-Jährige</b> zugezogen als fortgezogen. Das entspricht einem durchschnittlichen jährlichen Wanderungssaldo von <b>+1,9 je 100 Personen</b>."
"12062","Elbe-Elster",1.08491616556902,"Hier leben rund <b> 20 950 deutsche Personen</b> zwischen 30 und 49 Jahren. Zwischen 2022 und 2024 sind <b>  682 mehr 30- bis 49-Jährige</b> zugezogen als fortgezogen. Das entspricht einem durchschnittlichen jährlichen Wanderungssaldo von <b>+1,1 je 100 Personen</b>."
"12063","Havelland",2.19689285142278,"Hier leben rund <b> 37 460 deutsche Personen</b> zwischen 30 und 49 Jahren. Zwischen 2022 und 2024 sind <b> 2469 mehr 30- bis 49-Jährige</b> zugezogen als fortgezogen. Das entspricht einem durchschnittlichen jährlichen Wanderungssaldo von <b>+2,2 je 100 Personen</b>."
"12064","Märkisch-Oderland",2.17976654267456,"Hier leben rund <b> 45 430 deutsche Personen</b> zwischen 30 und 49 Jahren. Zwischen 2022 und 2024 sind <b> 2971 mehr 30- bis 49-Jährige</b> zugezogen als fortgezogen. Das entspricht einem durchschnittlichen jährlichen Wanderungssaldo von <b>+2,2 je 100 Personen</b>."
"12065","Oberhavel",1.64248286981056,"Hier leben rund <b> 49 620 deutsche Personen</b> zwischen 30 und 49 Jahren. Zwischen 2022 und 2024 sind <b> 2445 mehr 30- bis 49-Jährige</b> zugezogen als fortgezogen. Das entspricht einem durchschnittlichen jährlichen Wanderungssaldo von <b>+1,6 je 100 Personen</b>."
"12066","Oberspreewald-Lausitz",0.777088972321662,"Hier leben rund <b> 22 910 deutsche Personen</b> zwischen 30 und 49 Jahren. Zwischen 2022 und 2024 sind <b>  534 mehr 30- bis 49-Jährige</b> zugezogen als fortgezogen. Das entspricht einem durchschnittlichen jährlichen Wanderungssaldo von <b>+0,8 je 100 Personen</b>."
"12067","Oder-Spree",1.66203547406965,"Hier leben rund <b> 38 510 deutsche Personen</b> zwischen 30 und 49 Jahren. Zwischen 2022 und 2024 sind <b> 1920 mehr 30- bis 49-Jährige</b> zugezogen als fortgezogen. Das entspricht einem durchschnittlichen jährlichen Wanderungssaldo von <b>+1,7 je 100 Personen</b>."
"12068","Ostprignitz-Ruppin",1.11562339541614,"Hier leben rund <b> 21 420 deutsche Personen</b> zwischen 30 und 49 Jahren. Zwischen 2022 und 2024 sind <b>  717 mehr 30- bis 49-Jährige</b> zugezogen als fortgezogen. Das entspricht einem durchschnittlichen jährlichen Wanderungssaldo von <b>+1,1 je 100 Personen</b>."
"12069","Potsdam-Mittelmark",2.41674034777483,"Hier leben rund <b> 48 630 deutsche Personen</b> zwischen 30 und 49 Jahren. Zwischen 2022 und 2024 sind <b> 3526 mehr 30- bis 49-Jährige</b> zugezogen als fortgezogen. Das entspricht einem durchschnittlichen jährlichen Wanderungssaldo von <b>+2,4 je 100 Personen</b>."
"12070","Prignitz",1.04193687851275,"Hier leben rund <b> 15 420 deutsche Personen</b> zwischen 30 und 49 Jahren. Zwischen 2022 und 2024 sind <b>  482 mehr 30- bis 49-Jährige</b> zugezogen als fortgezogen. Das entspricht einem durchschnittlichen jährlichen Wanderungssaldo von <b>+1,0 je 100 Personen</b>."
"12071","Spree-Neiße",1.61421575154985,"Hier leben rund <b> 22 530 deutsche Personen</b> zwischen 30 und 49 Jahren. Zwischen 2022 und 2024 sind <b> 1091 mehr 30- bis 49-Jährige</b> zugezogen als fortgezogen. Das entspricht einem durchschnittlichen jährlichen Wanderungssaldo von <b>+1,6 je 100 Personen</b>."
"12072","Teltow-Fläming",2.38012994489678,"Hier leben rund <b> 40 530 deutsche Personen</b> zwischen 30 und 49 Jahren. Zwischen 2022 und 2024 sind <b> 2894 mehr 30- bis 49-Jährige</b> zugezogen als fortgezogen. Das entspricht einem durchschnittlichen jährlichen Wanderungssaldo von <b>+2,4 je 100 Personen</b>."
"12073","Uckermark",1.12232971427767,"Hier leben rund <b> 23 670 deutsche Personen</b> zwischen 30 und 49 Jahren. Zwischen 2022 und 2024 sind <b>  797 mehr 30- bis 49-Jährige</b> zugezogen als fortgezogen. Das entspricht einem durchschnittlichen jährlichen Wanderungssaldo von <b>+1,1 je 100 Personen</b>."
"13003","Rostock",-1.24788494077834,"Hier leben rund <b> 47 280 deutsche Personen</b> zwischen 30 und 49 Jahren. Zwischen 2022 und 2024 sind <b> 1770 mehr 30- bis 49-Jährige</b> fortgezogen als zugezogen. Das entspricht einem durchschnittlichen jährlichen Wanderungssaldo von <b>-1,2 je 100 Personen</b>."
"13004","Schwerin",-0.172863514994367,"Hier leben rund <b> 21 600 deutsche Personen</b> zwischen 30 und 49 Jahren. Zwischen 2022 und 2024 sind <b>  112 mehr 30- bis 49-Jährige</b> fortgezogen als zugezogen. Das entspricht einem durchschnittlichen jährlichen Wanderungssaldo von <b>-0,2 je 100 Personen</b>."
"13071","Mecklenburgische Seenplatte",0.929609865555409,"Hier leben rund <b> 53 030 deutsche Personen</b> zwischen 30 und 49 Jahren. Zwischen 2022 und 2024 sind <b> 1479 mehr 30- bis 49-Jährige</b> zugezogen als fortgezogen. Das entspricht einem durchschnittlichen jährlichen Wanderungssaldo von <b>+0,9 je 100 Personen</b>."
"13072","Landkreis Rostock",1.79051149795831,"Hier leben rund <b> 49 630 deutsche Personen</b> zwischen 30 und 49 Jahren. Zwischen 2022 und 2024 sind <b> 2666 mehr 30- bis 49-Jährige</b> zugezogen als fortgezogen. Das entspricht einem durchschnittlichen jährlichen Wanderungssaldo von <b>+1,8 je 100 Personen</b>."
"13073","Vorpommern-Rügen",1.12284626470778,"Hier leben rund <b> 46 490 deutsche Personen</b> zwischen 30 und 49 Jahren. Zwischen 2022 und 2024 sind <b> 1566 mehr 30- bis 49-Jährige</b> zugezogen als fortgezogen. Das entspricht einem durchschnittlichen jährlichen Wanderungssaldo von <b>+1,1 je 100 Personen</b>."
"13074","Nordwestmecklenburg",1.16756016036592,"Hier leben rund <b> 36 000 deutsche Personen</b> zwischen 30 und 49 Jahren. Zwischen 2022 und 2024 sind <b> 1261 mehr 30- bis 49-Jährige</b> zugezogen als fortgezogen. Das entspricht einem durchschnittlichen jährlichen Wanderungssaldo von <b>+1,2 je 100 Personen</b>."
"13075","Vorpommern-Greifswald",0.462632455661473,"Hier leben rund <b> 47 630 deutsche Personen</b> zwischen 30 und 49 Jahren. Zwischen 2022 und 2024 sind <b>  661 mehr 30- bis 49-Jährige</b> zugezogen als fortgezogen. Das entspricht einem durchschnittlichen jährlichen Wanderungssaldo von <b>+0,5 je 100 Personen</b>."
"13076","Ludwigslust-Parchim",1.28157544265659,"Hier leben rund <b> 45 800 deutsche Personen</b> zwischen 30 und 49 Jahren. Zwischen 2022 und 2024 sind <b> 1761 mehr 30- bis 49-Jährige</b> zugezogen als fortgezogen. Das entspricht einem durchschnittlichen jährlichen Wanderungssaldo von <b>+1,3 je 100 Personen</b>."
"14511","Chemnitz, Stadt",-0.714571093601609,"Hier leben rund <b> 50 890 deutsche Personen</b> zwischen 30 und 49 Jahren. Zwischen 2022 und 2024 sind <b> 1091 mehr 30- bis 49-Jährige</b> fortgezogen als zugezogen. Das entspricht einem durchschnittlichen jährlichen Wanderungssaldo von <b>-0,7 je 100 Personen</b>."
"14521","Erzgebirgskreis",0.396246388006752,"Hier leben rund <b> 69 910 deutsche Personen</b> zwischen 30 und 49 Jahren. Zwischen 2022 und 2024 sind <b>  831 mehr 30- bis 49-Jährige</b> zugezogen als fortgezogen. Das entspricht einem durchschnittlichen jährlichen Wanderungssaldo von <b>+0,4 je 100 Personen</b>."
"14522","Mittelsachsen",0.779480697319218,"Hier leben rund <b> 63 290 deutsche Personen</b> zwischen 30 und 49 Jahren. Zwischen 2022 und 2024 sind <b> 1480 mehr 30- bis 49-Jährige</b> zugezogen als fortgezogen. Das entspricht einem durchschnittlichen jährlichen Wanderungssaldo von <b>+0,8 je 100 Personen</b>."
"14523","Vogtlandkreis",0.374217928641273,"Hier leben rund <b> 45 340 deutsche Personen</b> zwischen 30 und 49 Jahren. Zwischen 2022 und 2024 sind <b>  509 mehr 30- bis 49-Jährige</b> zugezogen als fortgezogen. Das entspricht einem durchschnittlichen jährlichen Wanderungssaldo von <b>+0,4 je 100 Personen</b>."
"14524","Zwickau",0.303198487090939,"Hier leben rund <b> 64 860 deutsche Personen</b> zwischen 30 und 49 Jahren. Zwischen 2022 und 2024 sind <b>  590 mehr 30- bis 49-Jährige</b> zugezogen als fortgezogen. Das entspricht einem durchschnittlichen jährlichen Wanderungssaldo von <b>+0,3 je 100 Personen</b>."
"14612","Dresden, Stadt",-1.27718646535441,"Hier leben rund <b>137 830 deutsche Personen</b> zwischen 30 und 49 Jahren. Zwischen 2022 und 2024 sind <b> 5281 mehr 30- bis 49-Jährige</b> fortgezogen als zugezogen. Das entspricht einem durchschnittlichen jährlichen Wanderungssaldo von <b>-1,3 je 100 Personen</b>."
"14625","Bautzen",1.01509167340175,"Hier leben rund <b> 65 580 deutsche Personen</b> zwischen 30 und 49 Jahren. Zwischen 2022 und 2024 sind <b> 1997 mehr 30- bis 49-Jährige</b> zugezogen als fortgezogen. Das entspricht einem durchschnittlichen jährlichen Wanderungssaldo von <b>+1,0 je 100 Personen</b>."
"14626","Görlitz",0.676984606411565,"Hier leben rund <b> 48 010 deutsche Personen</b> zwischen 30 und 49 Jahren. Zwischen 2022 und 2024 sind <b>  975 mehr 30- bis 49-Jährige</b> zugezogen als fortgezogen. Das entspricht einem durchschnittlichen jährlichen Wanderungssaldo von <b>+0,7 je 100 Personen</b>."
"14627","Meißen",1.16456371745511,"Hier leben rund <b> 52 470 deutsche Personen</b> zwischen 30 und 49 Jahren. Zwischen 2022 und 2024 sind <b> 1833 mehr 30- bis 49-Jährige</b> zugezogen als fortgezogen. Das entspricht einem durchschnittlichen jährlichen Wanderungssaldo von <b>+1,2 je 100 Personen</b>."
"14628","Sächsische Schweiz-Osterzgebirge",1.01643273057909,"Hier leben rund <b> 55 360 deutsche Personen</b> zwischen 30 und 49 Jahren. Zwischen 2022 und 2024 sind <b> 1688 mehr 30- bis 49-Jährige</b> zugezogen als fortgezogen. Das entspricht einem durchschnittlichen jährlichen Wanderungssaldo von <b>+1,0 je 100 Personen</b>."
"14713","Leipzig, Stadt",-1.23971631205674,"Hier leben rund <b>152 750 deutsche Personen</b> zwischen 30 und 49 Jahren. Zwischen 2022 und 2024 sind <b> 5681 mehr 30- bis 49-Jährige</b> fortgezogen als zugezogen. Das entspricht einem durchschnittlichen jährlichen Wanderungssaldo von <b>-1,2 je 100 Personen</b>."
"14729","Leipzig, Landkreis",1.70536578737282,"Hier leben rund <b> 58 870 deutsche Personen</b> zwischen 30 und 49 Jahren. Zwischen 2022 und 2024 sind <b> 3012 mehr 30- bis 49-Jährige</b> zugezogen als fortgezogen. Das entspricht einem durchschnittlichen jährlichen Wanderungssaldo von <b>+1,7 je 100 Personen</b>."
"14730","Nordsachsen",1.23244929797192,"Hier leben rund <b> 44 870 deutsche Personen</b> zwischen 30 und 49 Jahren. Zwischen 2022 und 2024 sind <b> 1659 mehr 30- bis 49-Jährige</b> zugezogen als fortgezogen. Das entspricht einem durchschnittlichen jährlichen Wanderungssaldo von <b>+1,2 je 100 Personen</b>."
"15001","Dessau-Roßlau, Stadt",0.0880608083055247,"Hier leben rund <b> 14 380 deutsche Personen</b> zwischen 30 und 49 Jahren. Zwischen 2022 und 2024 sind <b>   38 mehr 30- bis 49-Jährige</b> zugezogen als fortgezogen. Das entspricht einem durchschnittlichen jährlichen Wanderungssaldo von <b>+0,1 je 100 Personen</b>."
"15002","Halle (Saale), Stadt",-1.30844677432992,"Hier leben rund <b> 47 310 deutsche Personen</b> zwischen 30 und 49 Jahren. Zwischen 2022 und 2024 sind <b> 1857 mehr 30- bis 49-Jährige</b> fortgezogen als zugezogen. Das entspricht einem durchschnittlichen jährlichen Wanderungssaldo von <b>-1,3 je 100 Personen</b>."
"15003","Magdeburg, Landeshauptstadt",-1.0117065294177,"Hier leben rund <b> 52 850 deutsche Personen</b> zwischen 30 und 49 Jahren. Zwischen 2022 und 2024 sind <b> 1604 mehr 30- bis 49-Jährige</b> fortgezogen als zugezogen. Das entspricht einem durchschnittlichen jährlichen Wanderungssaldo von <b>-1,0 je 100 Personen</b>."
"15081","Altmarkkreis Salzwedel",0.639232920495405,"Hier leben rund <b> 17 520 deutsche Personen</b> zwischen 30 und 49 Jahren. Zwischen 2022 und 2024 sind <b>  336 mehr 30- bis 49-Jährige</b> zugezogen als fortgezogen. Das entspricht einem durchschnittlichen jährlichen Wanderungssaldo von <b>+0,6 je 100 Personen</b>."
"15082","Anhalt-Bitterfeld",0.88860518369911,"Hier leben rund <b> 32 900 deutsche Personen</b> zwischen 30 und 49 Jahren. Zwischen 2022 und 2024 sind <b>  877 mehr 30- bis 49-Jährige</b> zugezogen als fortgezogen. Das entspricht einem durchschnittlichen jährlichen Wanderungssaldo von <b>+0,9 je 100 Personen</b>."
"15083","Börde",1.17463069678889,"Hier leben rund <b> 39 220 deutsche Personen</b> zwischen 30 und 49 Jahren. Zwischen 2022 und 2024 sind <b> 1382 mehr 30- bis 49-Jährige</b> zugezogen als fortgezogen. Das entspricht einem durchschnittlichen jährlichen Wanderungssaldo von <b>+1,2 je 100 Personen</b>."
"15084","Burgenlandkreis",0.776015092796535,"Hier leben rund <b> 35 870 deutsche Personen</b> zwischen 30 und 49 Jahren. Zwischen 2022 und 2024 sind <b>  835 mehr 30- bis 49-Jährige</b> zugezogen als fortgezogen. Das entspricht einem durchschnittlichen jährlichen Wanderungssaldo von <b>+0,8 je 100 Personen</b>."
"15085","Harz",0.540467504391298,"Hier leben rund <b> 44 410 deutsche Personen</b> zwischen 30 und 49 Jahren. Zwischen 2022 und 2024 sind <b>  720 mehr 30- bis 49-Jährige</b> zugezogen als fortgezogen. Das entspricht einem durchschnittlichen jährlichen Wanderungssaldo von <b>+0,5 je 100 Personen</b>."
"15086","Jerichower Land",1.36093340961495,"Hier leben rund <b> 19 230 deutsche Personen</b> zwischen 30 und 49 Jahren. Zwischen 2022 und 2024 sind <b>  785 mehr 30- bis 49-Jährige</b> zugezogen als fortgezogen. Das entspricht einem durchschnittlichen jährlichen Wanderungssaldo von <b>+1,4 je 100 Personen</b>."
"15087","Mansfeld-Südharz",0.621332839231672,"Hier leben rund <b> 26 980 deutsche Personen</b> zwischen 30 und 49 Jahren. Zwischen 2022 und 2024 sind <b>  503 mehr 30- bis 49-Jährige</b> zugezogen als fortgezogen. Das entspricht einem durchschnittlichen jährlichen Wanderungssaldo von <b>+0,6 je 100 Personen</b>."
"15088","Saalekreis",1.28279554287004,"Hier leben rund <b> 41 340 deutsche Personen</b> zwischen 30 und 49 Jahren. Zwischen 2022 und 2024 sind <b> 1591 mehr 30- bis 49-Jährige</b> zugezogen als fortgezogen. Das entspricht einem durchschnittlichen jährlichen Wanderungssaldo von <b>+1,3 je 100 Personen</b>."
"15089","Salzlandkreis",0.729453299413322,"Hier leben rund <b> 38 520 deutsche Personen</b> zwischen 30 und 49 Jahren. Zwischen 2022 und 2024 sind <b>  843 mehr 30- bis 49-Jährige</b> zugezogen als fortgezogen. Das entspricht einem durchschnittlichen jährlichen Wanderungssaldo von <b>+0,7 je 100 Personen</b>."
"15090","Stendal",0.525752985207628,"Hier leben rund <b> 22 440 deutsche Personen</b> zwischen 30 und 49 Jahren. Zwischen 2022 und 2024 sind <b>  354 mehr 30- bis 49-Jährige</b> zugezogen als fortgezogen. Das entspricht einem durchschnittlichen jährlichen Wanderungssaldo von <b>+0,5 je 100 Personen</b>."
"15091","Wittenberg",1.13096643837414,"Hier leben rund <b> 25 410 deutsche Personen</b> zwischen 30 und 49 Jahren. Zwischen 2022 und 2024 sind <b>  862 mehr 30- bis 49-Jährige</b> zugezogen als fortgezogen. Das entspricht einem durchschnittlichen jährlichen Wanderungssaldo von <b>+1,1 je 100 Personen</b>."
"16051","Erfurt, Stadt",-0.971326236460351,"Hier leben rund <b> 50 070 deutsche Personen</b> zwischen 30 und 49 Jahren. Zwischen 2022 und 2024 sind <b> 1459 mehr 30- bis 49-Jährige</b> fortgezogen als zugezogen. Das entspricht einem durchschnittlichen jährlichen Wanderungssaldo von <b>-1,0 je 100 Personen</b>."
"16052","Gera, Stadt",-0.107679953277851,"Hier leben rund <b> 18 260 deutsche Personen</b> zwischen 30 und 49 Jahren. Zwischen 2022 und 2024 sind <b>   59 mehr 30- bis 49-Jährige</b> fortgezogen als zugezogen. Das entspricht einem durchschnittlichen jährlichen Wanderungssaldo von <b>-0,1 je 100 Personen</b>."
"16053","Jena, Stadt",-1.96359011050163,"Hier leben rund <b> 25 160 deutsche Personen</b> zwischen 30 und 49 Jahren. Zwischen 2022 und 2024 sind <b> 1482 mehr 30- bis 49-Jährige</b> fortgezogen als zugezogen. Das entspricht einem durchschnittlichen jährlichen Wanderungssaldo von <b>-2,0 je 100 Personen</b>."
"16054","Suhl, Stadt",-0.116144018583043,"Hier leben rund <b>  6310 deutsche Personen</b> zwischen 30 und 49 Jahren. Zwischen 2022 und 2024 sind <b>   22 mehr 30- bis 49-Jährige</b> fortgezogen als zugezogen. Das entspricht einem durchschnittlichen jährlichen Wanderungssaldo von <b>-0,1 je 100 Personen</b>."
"16055","Weimar, Stadt",-0.466703817219281,"Hier leben rund <b> 14 360 deutsche Personen</b> zwischen 30 und 49 Jahren. Zwischen 2022 und 2024 sind <b>  201 mehr 30- bis 49-Jährige</b> fortgezogen als zugezogen. Das entspricht einem durchschnittlichen jährlichen Wanderungssaldo von <b>-0,5 je 100 Personen</b>."
"16061","Eichsfeld",0.182812745476099,"Hier leben rund <b> 23 340 deutsche Personen</b> zwischen 30 und 49 Jahren. Zwischen 2022 und 2024 sind <b>  128 mehr 30- bis 49-Jährige</b> zugezogen als fortgezogen. Das entspricht einem durchschnittlichen jährlichen Wanderungssaldo von <b>+0,2 je 100 Personen</b>."
"16062","Nordhausen",0.16635353060905,"Hier leben rund <b> 17 030 deutsche Personen</b> zwischen 30 und 49 Jahren. Zwischen 2022 und 2024 sind <b>   85 mehr 30- bis 49-Jährige</b> zugezogen als fortgezogen. Das entspricht einem durchschnittlichen jährlichen Wanderungssaldo von <b>+0,2 je 100 Personen</b>."
"16063","Wartburgkreis",0.122563324384265,"Hier leben rund <b> 34 270 deutsche Personen</b> zwischen 30 und 49 Jahren. Zwischen 2022 und 2024 sind <b>  126 mehr 30- bis 49-Jährige</b> zugezogen als fortgezogen. Das entspricht einem durchschnittlichen jährlichen Wanderungssaldo von <b>+0,1 je 100 Personen</b>."
"16064","Unstrut-Hainich-Kreis",0.55818078940527,"Hier leben rund <b> 21 800 deutsche Personen</b> zwischen 30 und 49 Jahren. Zwischen 2022 und 2024 sind <b>  365 mehr 30- bis 49-Jährige</b> zugezogen als fortgezogen. Das entspricht einem durchschnittlichen jährlichen Wanderungssaldo von <b>+0,6 je 100 Personen</b>."
"16065","Kyffhäuserkreis",0.564241719429728,"Hier leben rund <b> 15 480 deutsche Personen</b> zwischen 30 und 49 Jahren. Zwischen 2022 und 2024 sind <b>  262 mehr 30- bis 49-Jährige</b> zugezogen als fortgezogen. Das entspricht einem durchschnittlichen jährlichen Wanderungssaldo von <b>+0,6 je 100 Personen</b>."
"16066","Schmalkalden-Meiningen",0.279311877102774,"Hier leben rund <b> 26 260 deutsche Personen</b> zwischen 30 und 49 Jahren. Zwischen 2022 und 2024 sind <b>  220 mehr 30- bis 49-Jährige</b> zugezogen als fortgezogen. Das entspricht einem durchschnittlichen jährlichen Wanderungssaldo von <b>+0,3 je 100 Personen</b>."
"16067","Gotha",0.372445841590925,"Hier leben rund <b> 29 270 deutsche Personen</b> zwischen 30 und 49 Jahren. Zwischen 2022 und 2024 sind <b>  327 mehr 30- bis 49-Jährige</b> zugezogen als fortgezogen. Das entspricht einem durchschnittlichen jährlichen Wanderungssaldo von <b>+0,4 je 100 Personen</b>."
"16068","Sömmerda",1.18969799973853,"Hier leben rund <b> 15 300 deutsche Personen</b> zwischen 30 und 49 Jahren. Zwischen 2022 und 2024 sind <b>  546 mehr 30- bis 49-Jährige</b> zugezogen als fortgezogen. Das entspricht einem durchschnittlichen jährlichen Wanderungssaldo von <b>+1,2 je 100 Personen</b>."
"16069","Hildburghausen",0.112462219723062,"Hier leben rund <b> 14 230 deutsche Personen</b> zwischen 30 und 49 Jahren. Zwischen 2022 und 2024 sind <b>   48 mehr 30- bis 49-Jährige</b> zugezogen als fortgezogen. Das entspricht einem durchschnittlichen jährlichen Wanderungssaldo von <b>+0,1 je 100 Personen</b>."
"16070","Ilm-Kreis",0.565645852666932,"Hier leben rund <b> 22 630 deutsche Personen</b> zwischen 30 und 49 Jahren. Zwischen 2022 und 2024 sind <b>  384 mehr 30- bis 49-Jährige</b> zugezogen als fortgezogen. Das entspricht einem durchschnittlichen jährlichen Wanderungssaldo von <b>+0,6 je 100 Personen</b>."
"16071","Weimarer Land",0.830317223759847,"Hier leben rund <b> 18 790 deutsche Personen</b> zwischen 30 und 49 Jahren. Zwischen 2022 und 2024 sind <b>  468 mehr 30- bis 49-Jährige</b> zugezogen als fortgezogen. Das entspricht einem durchschnittlichen jährlichen Wanderungssaldo von <b>+0,8 je 100 Personen</b>."
"16072","Sonneberg",-0.0229016374670789,"Hier leben rund <b> 11 640 deutsche Personen</b> zwischen 30 und 49 Jahren. Zwischen 2022 und 2024 sind <b>    8 mehr 30- bis 49-Jährige</b> fortgezogen als zugezogen. Das entspricht einem durchschnittlichen jährlichen Wanderungssaldo von <b>0,0 je 100 Personen</b>."
"16073","Saalfeld-Rudolstadt",0.231751512606349,"Hier leben rund <b> 21 430 deutsche Personen</b> zwischen 30 und 49 Jahren. Zwischen 2022 und 2024 sind <b>  149 mehr 30- bis 49-Jährige</b> zugezogen als fortgezogen. Das entspricht einem durchschnittlichen jährlichen Wanderungssaldo von <b>+0,2 je 100 Personen</b>."
"16074","Saale-Holzland-Kreis",0.89818207947115,"Hier leben rund <b> 18 560 deutsche Personen</b> zwischen 30 und 49 Jahren. Zwischen 2022 und 2024 sind <b>  500 mehr 30- bis 49-Jährige</b> zugezogen als fortgezogen. Das entspricht einem durchschnittlichen jährlichen Wanderungssaldo von <b>+0,9 je 100 Personen</b>."
"16075","Saale-Orla-Kreis",0.398604882909816,"Hier leben rund <b> 16 720 deutsche Personen</b> zwischen 30 und 49 Jahren. Zwischen 2022 und 2024 sind <b>  200 mehr 30- bis 49-Jährige</b> zugezogen als fortgezogen. Das entspricht einem durchschnittlichen jährlichen Wanderungssaldo von <b>+0,4 je 100 Personen</b>."
"16076","Greiz",0.745435495783308,"Hier leben rund <b> 19 410 deutsche Personen</b> zwischen 30 und 49 Jahren. Zwischen 2022 und 2024 sind <b>  434 mehr 30- bis 49-Jährige</b> zugezogen als fortgezogen. Das entspricht einem durchschnittlichen jährlichen Wanderungssaldo von <b>+0,7 je 100 Personen</b>."
"16077","Altenburger Land",0.43979463334302,"Hier leben rund <b> 17 200 deutsche Personen</b> zwischen 30 und 49 Jahren. Zwischen 2022 und 2024 sind <b>  227 mehr 30- bis 49-Jährige</b> zugezogen als fortgezogen. Das entspricht einem durchschnittlichen jährlichen Wanderungssaldo von <b>+0,4 je 100 Personen</b>."
"02000","Hamburg, Freie und Hansestadt",-1.60859670686739,"Hier leben rund <b>410 860 deutsche Personen</b> zwischen 30 und 49 Jahren. Zwischen 2022 und 2024 sind <b>19 827 mehr 30- bis 49-Jährige</b> fortgezogen als zugezogen. Das entspricht einem durchschnittlichen jährlichen Wanderungssaldo von <b>-1,6 je 100 Personen</b>."
"03101","Braunschweig, Stadt",-1.84527014898582,"Hier leben rund <b> 55 710 deutsche Personen</b> zwischen 30 und 49 Jahren. Zwischen 2022 und 2024 sind <b> 3084 mehr 30- bis 49-Jährige</b> fortgezogen als zugezogen. Das entspricht einem durchschnittlichen jährlichen Wanderungssaldo von <b>-1,8 je 100 Personen</b>."
"03102","Salzgitter, Stadt",-0.387398165555745,"Hier leben rund <b> 17 550 deutsche Personen</b> zwischen 30 und 49 Jahren. Zwischen 2022 und 2024 sind <b>  204 mehr 30- bis 49-Jährige</b> fortgezogen als zugezogen. Das entspricht einem durchschnittlichen jährlichen Wanderungssaldo von <b>-0,4 je 100 Personen</b>."
"03103","Wolfsburg, Stadt",-0.606580160802192,"Hier leben rund <b> 25 660 deutsche Personen</b> zwischen 30 und 49 Jahren. Zwischen 2022 und 2024 sind <b>  467 mehr 30- bis 49-Jährige</b> fortgezogen als zugezogen. Das entspricht einem durchschnittlichen jährlichen Wanderungssaldo von <b>-0,6 je 100 Personen</b>."
"03151","Gifhorn",1.01621716904636,"Hier leben rund <b> 37 820 deutsche Personen</b> zwischen 30 und 49 Jahren. Zwischen 2022 und 2024 sind <b> 1153 mehr 30- bis 49-Jährige</b> zugezogen als fortgezogen. Das entspricht einem durchschnittlichen jährlichen Wanderungssaldo von <b>+1,0 je 100 Personen</b>."
"03153","Goslar",0.604040231358806,"Hier leben rund <b> 23 400 deutsche Personen</b> zwischen 30 und 49 Jahren. Zwischen 2022 und 2024 sind <b>  424 mehr 30- bis 49-Jährige</b> zugezogen als fortgezogen. Das entspricht einem durchschnittlichen jährlichen Wanderungssaldo von <b>+0,6 je 100 Personen</b>."
"03154","Helmstedt",0.716236409542948,"Hier leben rund <b> 19 410 deutsche Personen</b> zwischen 30 und 49 Jahren. Zwischen 2022 und 2024 sind <b>  417 mehr 30- bis 49-Jährige</b> zugezogen als fortgezogen. Das entspricht einem durchschnittlichen jährlichen Wanderungssaldo von <b>+0,7 je 100 Personen</b>."
"03155","Northeim",0.76022190260941,"Hier leben rund <b> 24 340 deutsche Personen</b> zwischen 30 und 49 Jahren. Zwischen 2022 und 2024 sind <b>  555 mehr 30- bis 49-Jährige</b> zugezogen als fortgezogen. Das entspricht einem durchschnittlichen jährlichen Wanderungssaldo von <b>+0,8 je 100 Personen</b>."
"03157","Peine",1.01464031176491,"Hier leben rund <b> 28 480 deutsche Personen</b> zwischen 30 und 49 Jahren. Zwischen 2022 und 2024 sind <b>  867 mehr 30- bis 49-Jährige</b> zugezogen als fortgezogen. Das entspricht einem durchschnittlichen jährlichen Wanderungssaldo von <b>+1,0 je 100 Personen</b>."
"03158","Wolfenbüttel",1.29943737126585,"Hier leben rund <b> 24 110 deutsche Personen</b> zwischen 30 und 49 Jahren. Zwischen 2022 und 2024 sind <b>  940 mehr 30- bis 49-Jährige</b> zugezogen als fortgezogen. Das entspricht einem durchschnittlichen jährlichen Wanderungssaldo von <b>+1,3 je 100 Personen</b>."
"03159","Göttingen",-2.62599859330877,"Hier leben rund <b> 63 510 deutsche Personen</b> zwischen 30 und 49 Jahren. Zwischen 2022 und 2024 sind <b> 5003 mehr 30- bis 49-Jährige</b> fortgezogen als zugezogen. Das entspricht einem durchschnittlichen jährlichen Wanderungssaldo von <b>-2,6 je 100 Personen</b>."
"03241","Region Hannover",-0.636869787196584,"Hier leben rund <b>227 200 deutsche Personen</b> zwischen 30 und 49 Jahren. Zwischen 2022 und 2024 sind <b> 4341 mehr 30- bis 49-Jährige</b> fortgezogen als zugezogen. Das entspricht einem durchschnittlichen jährlichen Wanderungssaldo von <b>-0,6 je 100 Personen</b>."
"03251","Diepholz",1.39077158721042,"Hier leben rund <b> 43 520 deutsche Personen</b> zwischen 30 und 49 Jahren. Zwischen 2022 und 2024 sind <b> 1816 mehr 30- bis 49-Jährige</b> zugezogen als fortgezogen. Das entspricht einem durchschnittlichen jährlichen Wanderungssaldo von <b>+1,4 je 100 Personen</b>."
"03252","Hameln-Pyrmont",0.56129700561297,"Hier leben rund <b> 27 670 deutsche Personen</b> zwischen 30 und 49 Jahren. Zwischen 2022 und 2024 sind <b>  466 mehr 30- bis 49-Jährige</b> zugezogen als fortgezogen. Das entspricht einem durchschnittlichen jährlichen Wanderungssaldo von <b>+0,6 je 100 Personen</b>."
"03254","Hildesheim",0.332131334219017,"Hier leben rund <b> 52 690 deutsche Personen</b> zwischen 30 und 49 Jahren. Zwischen 2022 und 2024 sind <b>  525 mehr 30- bis 49-Jährige</b> zugezogen als fortgezogen. Das entspricht einem durchschnittlichen jährlichen Wanderungssaldo von <b>+0,3 je 100 Personen</b>."
"03255","Holzminden",0.474427533251063,"Hier leben rund <b> 12 160 deutsche Personen</b> zwischen 30 und 49 Jahren. Zwischen 2022 und 2024 sind <b>  173 mehr 30- bis 49-Jährige</b> zugezogen als fortgezogen. Das entspricht einem durchschnittlichen jährlichen Wanderungssaldo von <b>+0,5 je 100 Personen</b>."
"03256","Nienburg (Weser)",0.986518055672831,"Hier leben rund <b> 23 690 deutsche Personen</b> zwischen 30 und 49 Jahren. Zwischen 2022 und 2024 sind <b>  701 mehr 30- bis 49-Jährige</b> zugezogen als fortgezogen. Das entspricht einem durchschnittlichen jährlichen Wanderungssaldo von <b>+1,0 je 100 Personen</b>."
"03257","Schaumburg",0.988473394987267,"Hier leben rund <b> 29 840 deutsche Personen</b> zwischen 30 und 49 Jahren. Zwischen 2022 und 2024 sind <b>  885 mehr 30- bis 49-Jährige</b> zugezogen als fortgezogen. Das entspricht einem durchschnittlichen jährlichen Wanderungssaldo von <b>+1,0 je 100 Personen</b>."
"03351","Celle",0.975440959168023,"Hier leben rund <b> 35 640 deutsche Personen</b> zwischen 30 und 49 Jahren. Zwischen 2022 und 2024 sind <b> 1043 mehr 30- bis 49-Jährige</b> zugezogen als fortgezogen. Das entspricht einem durchschnittlichen jährlichen Wanderungssaldo von <b>+1,0 je 100 Personen</b>."
"03352","Cuxhaven",1.15936098750277,"Hier leben rund <b> 39 100 deutsche Personen</b> zwischen 30 und 49 Jahren. Zwischen 2022 und 2024 sind <b> 1360 mehr 30- bis 49-Jährige</b> zugezogen als fortgezogen. Das entspricht einem durchschnittlichen jährlichen Wanderungssaldo von <b>+1,2 je 100 Personen</b>."
"03353","Harburg",1.77036474820588,"Hier leben rund <b> 54 020 deutsche Personen</b> zwischen 30 und 49 Jahren. Zwischen 2022 und 2024 sind <b> 2869 mehr 30- bis 49-Jährige</b> zugezogen als fortgezogen. Das entspricht einem durchschnittlichen jährlichen Wanderungssaldo von <b>+1,8 je 100 Personen</b>."
"03354","Lüchow-Dannenberg",1.83372183372183,"Hier leben rund <b>  8580 deutsche Personen</b> zwischen 30 und 49 Jahren. Zwischen 2022 und 2024 sind <b>  472 mehr 30- bis 49-Jährige</b> zugezogen als fortgezogen. Das entspricht einem durchschnittlichen jährlichen Wanderungssaldo von <b>+1,8 je 100 Personen</b>."
"03355","Lüneburg",0.559695144772209,"Hier leben rund <b> 39 190 deutsche Personen</b> zwischen 30 und 49 Jahren. Zwischen 2022 und 2024 sind <b>  658 mehr 30- bis 49-Jährige</b> zugezogen als fortgezogen. Das entspricht einem durchschnittlichen jährlichen Wanderungssaldo von <b>+0,6 je 100 Personen</b>."
"03356","Osterholz",1.47793089674456,"Hier leben rund <b> 23 370 deutsche Personen</b> zwischen 30 und 49 Jahren. Zwischen 2022 und 2024 sind <b> 1036 mehr 30- bis 49-Jährige</b> zugezogen als fortgezogen. Das entspricht einem durchschnittlichen jährlichen Wanderungssaldo von <b>+1,5 je 100 Personen</b>."
"03357","Rotenburg (Wümme)",0.899554617909048,"Hier leben rund <b> 34 130 deutsche Personen</b> zwischen 30 und 49 Jahren. Zwischen 2022 und 2024 sind <b>  921 mehr 30- bis 49-Jährige</b> zugezogen als fortgezogen. Das entspricht einem durchschnittlichen jährlichen Wanderungssaldo von <b>+0,9 je 100 Personen</b>."
"03358","Heidekreis",0.787840758558182,"Hier leben rund <b> 28 690 deutsche Personen</b> zwischen 30 und 49 Jahren. Zwischen 2022 und 2024 sind <b>  678 mehr 30- bis 49-Jährige</b> zugezogen als fortgezogen. Das entspricht einem durchschnittlichen jährlichen Wanderungssaldo von <b>+0,8 je 100 Personen</b>."
"03359","Stade",0.789264134151483,"Hier leben rund <b> 42 700 deutsche Personen</b> zwischen 30 und 49 Jahren. Zwischen 2022 und 2024 sind <b> 1011 mehr 30- bis 49-Jährige</b> zugezogen als fortgezogen. Das entspricht einem durchschnittlichen jährlichen Wanderungssaldo von <b>+0,8 je 100 Personen</b>."
"03360","Uelzen",1.42695356738392,"Hier leben rund <b> 17 660 deutsche Personen</b> zwischen 30 und 49 Jahren. Zwischen 2022 und 2024 sind <b>  756 mehr 30- bis 49-Jährige</b> zugezogen als fortgezogen. Das entspricht einem durchschnittlichen jährlichen Wanderungssaldo von <b>+1,4 je 100 Personen</b>."
"03361","Verden",1.2399708242159,"Hier leben rund <b> 27 880 deutsche Personen</b> zwischen 30 und 49 Jahren. Zwischen 2022 und 2024 sind <b> 1037 mehr 30- bis 49-Jährige</b> zugezogen als fortgezogen. Das entspricht einem durchschnittlichen jährlichen Wanderungssaldo von <b>+1,2 je 100 Personen</b>."
"03401","Delmenhorst, Stadt",0.128196477970447,"Hier leben rund <b> 14 820 deutsche Personen</b> zwischen 30 und 49 Jahren. Zwischen 2022 und 2024 sind <b>   57 mehr 30- bis 49-Jährige</b> zugezogen als fortgezogen. Das entspricht einem durchschnittlichen jährlichen Wanderungssaldo von <b>+0,1 je 100 Personen</b>."
"03402","Emden, Stadt",-0.203748981255094,"Hier leben rund <b>  9820 deutsche Personen</b> zwischen 30 und 49 Jahren. Zwischen 2022 und 2024 sind <b>   60 mehr 30- bis 49-Jährige</b> fortgezogen als zugezogen. Das entspricht einem durchschnittlichen jährlichen Wanderungssaldo von <b>-0,2 je 100 Personen</b>."
"03403","Oldenburg (Oldenburg), Stadt",-1.40695561432864,"Hier leben rund <b> 37 050 deutsche Personen</b> zwischen 30 und 49 Jahren. Zwischen 2022 und 2024 sind <b> 1564 mehr 30- bis 49-Jährige</b> fortgezogen als zugezogen. Das entspricht einem durchschnittlichen jährlichen Wanderungssaldo von <b>-1,4 je 100 Personen</b>."
"03404","Osnabrück, Stadt",-2.53401205027382,"Hier leben rund <b> 32 810 deutsche Personen</b> zwischen 30 und 49 Jahren. Zwischen 2022 und 2024 sind <b> 2494 mehr 30- bis 49-Jährige</b> fortgezogen als zugezogen. Das entspricht einem durchschnittlichen jährlichen Wanderungssaldo von <b>-2,5 je 100 Personen</b>."
"03405","Wilhelmshaven, Stadt",-0.732074930022249,"Hier leben rund <b> 13 930 deutsche Personen</b> zwischen 30 und 49 Jahren. Zwischen 2022 und 2024 sind <b>  306 mehr 30- bis 49-Jährige</b> fortgezogen als zugezogen. Das entspricht einem durchschnittlichen jährlichen Wanderungssaldo von <b>-0,7 je 100 Personen</b>."
"03451","Ammerland",1.30549981993106,"Hier leben rund <b> 25 920 deutsche Personen</b> zwischen 30 und 49 Jahren. Zwischen 2022 und 2024 sind <b> 1015 mehr 30- bis 49-Jährige</b> zugezogen als fortgezogen. Das entspricht einem durchschnittlichen jährlichen Wanderungssaldo von <b>+1,3 je 100 Personen</b>."
"03452","Aurich",0.714291928762213,"Hier leben rund <b> 38 310 deutsche Personen</b> zwischen 30 und 49 Jahren. Zwischen 2022 und 2024 sind <b>  821 mehr 30- bis 49-Jährige</b> zugezogen als fortgezogen. Das entspricht einem durchschnittlichen jährlichen Wanderungssaldo von <b>+0,7 je 100 Personen</b>."
"03453","Cloppenburg",0.474201196793497,"Hier leben rund <b> 35 430 deutsche Personen</b> zwischen 30 und 49 Jahren. Zwischen 2022 und 2024 sind <b>  504 mehr 30- bis 49-Jährige</b> zugezogen als fortgezogen. Das entspricht einem durchschnittlichen jährlichen Wanderungssaldo von <b>+0,5 je 100 Personen</b>."
"03454","Emsland",0.635729163581801,"Hier leben rund <b> 67 530 deutsche Personen</b> zwischen 30 und 49 Jahren. Zwischen 2022 und 2024 sind <b> 1288 mehr 30- bis 49-Jährige</b> zugezogen als fortgezogen. Das entspricht einem durchschnittlichen jährlichen Wanderungssaldo von <b>+0,6 je 100 Personen</b>."
"03455","Friesland",1.48569701853344,"Hier leben rund <b> 19 860 deutsche Personen</b> zwischen 30 und 49 Jahren. Zwischen 2022 und 2024 sind <b>  885 mehr 30- bis 49-Jährige</b> zugezogen als fortgezogen. Das entspricht einem durchschnittlichen jährlichen Wanderungssaldo von <b>+1,5 je 100 Personen</b>."
"03456","Grafschaft Bentheim",0.551004308513866,"Hier leben rund <b> 27 460 deutsche Personen</b> zwischen 30 und 49 Jahren. Zwischen 2022 und 2024 sind <b>  454 mehr 30- bis 49-Jährige</b> zugezogen als fortgezogen. Das entspricht einem durchschnittlichen jährlichen Wanderungssaldo von <b>+0,6 je 100 Personen</b>."
"03457","Leer",0.692831818659633,"Hier leben rund <b> 34 880 deutsche Personen</b> zwischen 30 und 49 Jahren. Zwischen 2022 und 2024 sind <b>  725 mehr 30- bis 49-Jährige</b> zugezogen als fortgezogen. Das entspricht einem durchschnittlichen jährlichen Wanderungssaldo von <b>+0,7 je 100 Personen</b>."
"03458","Oldenburg, Landkreis",1.66945543048372,"Hier leben rund <b> 26 300 deutsche Personen</b> zwischen 30 und 49 Jahren. Zwischen 2022 und 2024 sind <b> 1317 mehr 30- bis 49-Jährige</b> zugezogen als fortgezogen. Das entspricht einem durchschnittlichen jährlichen Wanderungssaldo von <b>+1,7 je 100 Personen</b>."
"03459","Osnabrück, Landkreis",0.93572421923208,"Hier leben rund <b> 72 390 deutsche Personen</b> zwischen 30 und 49 Jahren. Zwischen 2022 und 2024 sind <b> 2032 mehr 30- bis 49-Jährige</b> zugezogen als fortgezogen. Das entspricht einem durchschnittlichen jährlichen Wanderungssaldo von <b>+0,9 je 100 Personen</b>."
"03460","Vechta",0.0214275242187412,"Hier leben rund <b> 29 560 deutsche Personen</b> zwischen 30 und 49 Jahren. Zwischen 2022 und 2024 sind <b>   19 mehr 30- bis 49-Jährige</b> zugezogen als fortgezogen. Das entspricht einem durchschnittlichen jährlichen Wanderungssaldo von <b>0,0 je 100 Personen</b>."
"03461","Wesermarsch",0.914449078697449,"Hier leben rund <b> 17 020 deutsche Personen</b> zwischen 30 und 49 Jahren. Zwischen 2022 und 2024 sind <b>  467 mehr 30- bis 49-Jährige</b> zugezogen als fortgezogen. Das entspricht einem durchschnittlichen jährlichen Wanderungssaldo von <b>+0,9 je 100 Personen</b>."
"03462","Wittmund",1.0939452113234,"Hier leben rund <b> 10 940 deutsche Personen</b> zwischen 30 und 49 Jahren. Zwischen 2022 und 2024 sind <b>  359 mehr 30- bis 49-Jährige</b> zugezogen als fortgezogen. Das entspricht einem durchschnittlichen jährlichen Wanderungssaldo von <b>+1,1 je 100 Personen</b>."
"04011","Bremen, Stadt",-1.39052058463132,"Hier leben rund <b>105 550 deutsche Personen</b> zwischen 30 und 49 Jahren. Zwischen 2022 und 2024 sind <b> 4403 mehr 30- bis 49-Jährige</b> fortgezogen als zugezogen. Das entspricht einem durchschnittlichen jährlichen Wanderungssaldo von <b>-1,4 je 100 Personen</b>."
"04012","Bremerhaven, Stadt",-0.768923507090074,"Hier leben rund <b> 20 030 deutsche Personen</b> zwischen 30 und 49 Jahren. Zwischen 2022 und 2024 sind <b>  462 mehr 30- bis 49-Jährige</b> fortgezogen als zugezogen. Das entspricht einem durchschnittlichen jährlichen Wanderungssaldo von <b>-0,8 je 100 Personen</b>."
"05111","Düsseldorf, Stadt",-1.77677022293515,"Hier leben rund <b>122 190 deutsche Personen</b> zwischen 30 und 49 Jahren. Zwischen 2022 und 2024 sind <b> 6513 mehr 30- bis 49-Jährige</b> fortgezogen als zugezogen. Das entspricht einem durchschnittlichen jährlichen Wanderungssaldo von <b>-1,8 je 100 Personen</b>."
"05112","Duisburg, Stadt",-0.572506693248699,"Hier leben rund <b> 87 280 deutsche Personen</b> zwischen 30 und 49 Jahren. Zwischen 2022 und 2024 sind <b> 1499 mehr 30- bis 49-Jährige</b> fortgezogen als zugezogen. Das entspricht einem durchschnittlichen jährlichen Wanderungssaldo von <b>-0,6 je 100 Personen</b>."
"05113","Essen, Stadt",-1.01684750013631,"Hier leben rund <b>110 050 deutsche Personen</b> zwischen 30 und 49 Jahren. Zwischen 2022 und 2024 sind <b> 3357 mehr 30- bis 49-Jährige</b> fortgezogen als zugezogen. Das entspricht einem durchschnittlichen jährlichen Wanderungssaldo von <b>-1,0 je 100 Personen</b>."
"05114","Krefeld, Stadt",-0.259017651573292,"Hier leben rund <b> 41 700 deutsche Personen</b> zwischen 30 und 49 Jahren. Zwischen 2022 und 2024 sind <b>  324 mehr 30- bis 49-Jährige</b> fortgezogen als zugezogen. Das entspricht einem durchschnittlichen jährlichen Wanderungssaldo von <b>-0,3 je 100 Personen</b>."
"05116","Mönchengladbach, Stadt",-0.831262082297708,"Hier leben rund <b> 48 280 deutsche Personen</b> zwischen 30 und 49 Jahren. Zwischen 2022 und 2024 sind <b> 1204 mehr 30- bis 49-Jährige</b> fortgezogen als zugezogen. Das entspricht einem durchschnittlichen jährlichen Wanderungssaldo von <b>-0,8 je 100 Personen</b>."
"05117","Mülheim an der Ruhr, Stadt",0.128712552691701,"Hier leben rund <b> 31 080 deutsche Personen</b> zwischen 30 und 49 Jahren. Zwischen 2022 und 2024 sind <b>  120 mehr 30- bis 49-Jährige</b> zugezogen als fortgezogen. Das entspricht einem durchschnittlichen jährlichen Wanderungssaldo von <b>+0,1 je 100 Personen</b>."
"05119","Oberhausen, Stadt",-0.162512188414131,"Hier leben rund <b> 40 000 deutsche Personen</b> zwischen 30 und 49 Jahren. Zwischen 2022 und 2024 sind <b>  195 mehr 30- bis 49-Jährige</b> fortgezogen als zugezogen. Das entspricht einem durchschnittlichen jährlichen Wanderungssaldo von <b>-0,2 je 100 Personen</b>."
"05120","Remscheid, Stadt",-0.220476095749619,"Hier leben rund <b> 20 110 deutsche Personen</b> zwischen 30 und 49 Jahren. Zwischen 2022 und 2024 sind <b>  133 mehr 30- bis 49-Jährige</b> fortgezogen als zugezogen. Das entspricht einem durchschnittlichen jährlichen Wanderungssaldo von <b>-0,2 je 100 Personen</b>."
"05122","Solingen, Stadt",0.256043627173877,"Hier leben rund <b> 30 070 deutsche Personen</b> zwischen 30 und 49 Jahren. Zwischen 2022 und 2024 sind <b>  231 mehr 30- bis 49-Jährige</b> zugezogen als fortgezogen. Das entspricht einem durchschnittlichen jährlichen Wanderungssaldo von <b>+0,3 je 100 Personen</b>."
"05124","Wuppertal, Stadt",-0.99717628075837,"Hier leben rund <b> 61 980 deutsche Personen</b> zwischen 30 und 49 Jahren. Zwischen 2022 und 2024 sind <b> 1854 mehr 30- bis 49-Jährige</b> fortgezogen als zugezogen. Das entspricht einem durchschnittlichen jährlichen Wanderungssaldo von <b>-1,0 je 100 Personen</b>."
"05154","Kleve",0.864210190502233,"Hier leben rund <b> 58 510 deutsche Personen</b> zwischen 30 und 49 Jahren. Zwischen 2022 und 2024 sind <b> 1517 mehr 30- bis 49-Jährige</b> zugezogen als fortgezogen. Das entspricht einem durchschnittlichen jährlichen Wanderungssaldo von <b>+0,9 je 100 Personen</b>."
"05158","Mettmann",0.77495384547354,"Hier leben rund <b> 90 460 deutsche Personen</b> zwischen 30 und 49 Jahren. Zwischen 2022 und 2024 sind <b> 2103 mehr 30- bis 49-Jährige</b> zugezogen als fortgezogen. Das entspricht einem durchschnittlichen jährlichen Wanderungssaldo von <b>+0,8 je 100 Personen</b>."
"05162","Rhein-Kreis Neuss",0.530711610486891,"Hier leben rund <b> 89 000 deutsche Personen</b> zwischen 30 und 49 Jahren. Zwischen 2022 und 2024 sind <b> 1417 mehr 30- bis 49-Jährige</b> zugezogen als fortgezogen. Das entspricht einem durchschnittlichen jährlichen Wanderungssaldo von <b>+0,5 je 100 Personen</b>."
"05166","Viersen",1.22453058681058,"Hier leben rund <b> 56 700 deutsche Personen</b> zwischen 30 und 49 Jahren. Zwischen 2022 und 2024 sind <b> 2083 mehr 30- bis 49-Jährige</b> zugezogen als fortgezogen. Das entspricht einem durchschnittlichen jährlichen Wanderungssaldo von <b>+1,2 je 100 Personen</b>."
"05170","Wesel",0.933410962073882,"Hier leben rund <b> 89 310 deutsche Personen</b> zwischen 30 und 49 Jahren. Zwischen 2022 und 2024 sind <b> 2501 mehr 30- bis 49-Jährige</b> zugezogen als fortgezogen. Das entspricht einem durchschnittlichen jährlichen Wanderungssaldo von <b>+0,9 je 100 Personen</b>."
"05314","Bonn, Stadt",-1.91024069242296,"Hier leben rund <b> 63 620 deutsche Personen</b> zwischen 30 und 49 Jahren. Zwischen 2022 und 2024 sind <b> 3646 mehr 30- bis 49-Jährige</b> fortgezogen als zugezogen. Das entspricht einem durchschnittlichen jährlichen Wanderungssaldo von <b>-1,9 je 100 Personen</b>."
"05315","Köln, Stadt",-1.94193845315174,"Hier leben rund <b>223 800 deutsche Personen</b> zwischen 30 und 49 Jahren. Zwischen 2022 und 2024 sind <b>13 038 mehr 30- bis 49-Jährige</b> fortgezogen als zugezogen. Das entspricht einem durchschnittlichen jährlichen Wanderungssaldo von <b>-1,9 je 100 Personen</b>."
"05316","Leverkusen, Stadt",-0.284641276231912,"Hier leben rund <b> 30 800 deutsche Personen</b> zwischen 30 und 49 Jahren. Zwischen 2022 und 2024 sind <b>  263 mehr 30- bis 49-Jährige</b> fortgezogen als zugezogen. Das entspricht einem durchschnittlichen jährlichen Wanderungssaldo von <b>-0,3 je 100 Personen</b>."
"05334","Städteregion Aachen",-0.967625163290681,"Hier leben rund <b>105 900 deutsche Personen</b> zwischen 30 und 49 Jahren. Zwischen 2022 und 2024 sind <b> 3074 mehr 30- bis 49-Jährige</b> fortgezogen als zugezogen. Das entspricht einem durchschnittlichen jährlichen Wanderungssaldo von <b>-1,0 je 100 Personen</b>."
"05358","Düren",1.00299548222353,"Hier leben rund <b> 54 300 deutsche Personen</b> zwischen 30 und 49 Jahren. Zwischen 2022 und 2024 sind <b> 1634 mehr 30- bis 49-Jährige</b> zugezogen als fortgezogen. Das entspricht einem durchschnittlichen jährlichen Wanderungssaldo von <b>+1,0 je 100 Personen</b>."
"05362","Rhein-Erft-Kreis",0.983219622782286,"Hier leben rund <b> 92 930 deutsche Personen</b> zwischen 30 und 49 Jahren. Zwischen 2022 und 2024 sind <b> 2741 mehr 30- bis 49-Jährige</b> zugezogen als fortgezogen. Das entspricht einem durchschnittlichen jährlichen Wanderungssaldo von <b>+1,0 je 100 Personen</b>."
"05366","Euskirchen",1.36679511247242,"Hier leben rund <b> 40 480 deutsche Personen</b> zwischen 30 und 49 Jahren. Zwischen 2022 und 2024 sind <b> 1660 mehr 30- bis 49-Jährige</b> zugezogen als fortgezogen. Das entspricht einem durchschnittlichen jährlichen Wanderungssaldo von <b>+1,4 je 100 Personen</b>."
"05370","Heinsberg",1.19103101859044,"Hier leben rund <b> 51 500 deutsche Personen</b> zwischen 30 und 49 Jahren. Zwischen 2022 und 2024 sind <b> 1840 mehr 30- bis 49-Jährige</b> zugezogen als fortgezogen. Das entspricht einem durchschnittlichen jährlichen Wanderungssaldo von <b>+1,2 je 100 Personen</b>."
"05374","Oberbergischer Kreis",0.795819638834521,"Hier leben rund <b> 54 160 deutsche Personen</b> zwischen 30 und 49 Jahren. Zwischen 2022 und 2024 sind <b> 1293 mehr 30- bis 49-Jährige</b> zugezogen als fortgezogen. Das entspricht einem durchschnittlichen jährlichen Wanderungssaldo von <b>+0,8 je 100 Personen</b>."
"05378","Rheinisch-Bergischer Kreis",1.13789210741221,"Hier leben rund <b> 55 510 deutsche Personen</b> zwischen 30 und 49 Jahren. Zwischen 2022 und 2024 sind <b> 1895 mehr 30- bis 49-Jährige</b> zugezogen als fortgezogen. Das entspricht einem durchschnittlichen jährlichen Wanderungssaldo von <b>+1,1 je 100 Personen</b>."
"05382","Rhein-Sieg-Kreis",0.891606058584106,"Hier leben rund <b>119 900 deutsche Personen</b> zwischen 30 und 49 Jahren. Zwischen 2022 und 2024 sind <b> 3207 mehr 30- bis 49-Jährige</b> zugezogen als fortgezogen. Das entspricht einem durchschnittlichen jährlichen Wanderungssaldo von <b>+0,9 je 100 Personen</b>."
"05512","Bottrop, Stadt",0.253778637727489,"Hier leben rund <b> 23 770 deutsche Personen</b> zwischen 30 und 49 Jahren. Zwischen 2022 und 2024 sind <b>  181 mehr 30- bis 49-Jährige</b> zugezogen als fortgezogen. Das entspricht einem durchschnittlichen jährlichen Wanderungssaldo von <b>+0,3 je 100 Personen</b>."
"05513","Gelsenkirchen, Stadt",-0.535457363651196,"Hier leben rund <b> 44 950 deutsche Personen</b> zwischen 30 und 49 Jahren. Zwischen 2022 und 2024 sind <b>  722 mehr 30- bis 49-Jährige</b> fortgezogen als zugezogen. Das entspricht einem durchschnittlichen jährlichen Wanderungssaldo von <b>-0,5 je 100 Personen</b>."
"05515","Münster, Stadt",-2.12664722067068,"Hier leben rund <b> 64 450 deutsche Personen</b> zwischen 30 und 49 Jahren. Zwischen 2022 und 2024 sind <b> 4112 mehr 30- bis 49-Jährige</b> fortgezogen als zugezogen. Das entspricht einem durchschnittlichen jährlichen Wanderungssaldo von <b>-2,1 je 100 Personen</b>."
"05554","Borken",0.612492603007175,"Hier leben rund <b> 77 170 deutsche Personen</b> zwischen 30 und 49 Jahren. Zwischen 2022 und 2024 sind <b> 1418 mehr 30- bis 49-Jährige</b> zugezogen als fortgezogen. Das entspricht einem durchschnittlichen jährlichen Wanderungssaldo von <b>+0,6 je 100 Personen</b>."
"05558","Coesfeld",1.21668639477743,"Hier leben rund <b> 46 460 deutsche Personen</b> zwischen 30 und 49 Jahren. Zwischen 2022 und 2024 sind <b> 1696 mehr 30- bis 49-Jährige</b> zugezogen als fortgezogen. Das entspricht einem durchschnittlichen jährlichen Wanderungssaldo von <b>+1,2 je 100 Personen</b>."
"05562","Recklinghausen",0.585298384104173,"Hier leben rund <b>118 570 deutsche Personen</b> zwischen 30 und 49 Jahren. Zwischen 2022 und 2024 sind <b> 2082 mehr 30- bis 49-Jährige</b> zugezogen als fortgezogen. Das entspricht einem durchschnittlichen jährlichen Wanderungssaldo von <b>+0,6 je 100 Personen</b>."
"05566","Steinfurt",0.73645154036429,"Hier leben rund <b> 88 940 deutsche Personen</b> zwischen 30 und 49 Jahren. Zwischen 2022 und 2024 sind <b> 1965 mehr 30- bis 49-Jährige</b> zugezogen als fortgezogen. Das entspricht einem durchschnittlichen jährlichen Wanderungssaldo von <b>+0,7 je 100 Personen</b>."
"05570","Warendorf",0.90052190030241,"Hier leben rund <b> 54 670 deutsche Personen</b> zwischen 30 und 49 Jahren. Zwischen 2022 und 2024 sind <b> 1477 mehr 30- bis 49-Jährige</b> zugezogen als fortgezogen. Das entspricht einem durchschnittlichen jährlichen Wanderungssaldo von <b>+0,9 je 100 Personen</b>."
"05711","Bielefeld, Stadt",-1.05797846647657,"Hier leben rund <b> 64 180 deutsche Personen</b> zwischen 30 und 49 Jahren. Zwischen 2022 und 2024 sind <b> 2037 mehr 30- bis 49-Jährige</b> fortgezogen als zugezogen. Das entspricht einem durchschnittlichen jährlichen Wanderungssaldo von <b>-1,1 je 100 Personen</b>."
"05754","Gütersloh",0.364988106588083,"Hier leben rund <b> 69 230 deutsche Personen</b> zwischen 30 und 49 Jahren. Zwischen 2022 und 2024 sind <b>  758 mehr 30- bis 49-Jährige</b> zugezogen als fortgezogen. Das entspricht einem durchschnittlichen jährlichen Wanderungssaldo von <b>+0,4 je 100 Personen</b>."
"05758","Herford",0.646025524277098,"Hier leben rund <b> 50 510 deutsche Personen</b> zwischen 30 und 49 Jahren. Zwischen 2022 und 2024 sind <b>  979 mehr 30- bis 49-Jährige</b> zugezogen als fortgezogen. Das entspricht einem durchschnittlichen jährlichen Wanderungssaldo von <b>+0,6 je 100 Personen</b>."
"05762","Höxter",0.584392014519056,"Hier leben rund <b> 27 550 deutsche Personen</b> zwischen 30 und 49 Jahren. Zwischen 2022 und 2024 sind <b>  483 mehr 30- bis 49-Jährige</b> zugezogen als fortgezogen. Das entspricht einem durchschnittlichen jährlichen Wanderungssaldo von <b>+0,6 je 100 Personen</b>."
"05766","Lippe",0.434694352439091,"Hier leben rund <b> 67 330 deutsche Personen</b> zwischen 30 und 49 Jahren. Zwischen 2022 und 2024 sind <b>  878 mehr 30- bis 49-Jährige</b> zugezogen als fortgezogen. Das entspricht einem durchschnittlichen jährlichen Wanderungssaldo von <b>+0,4 je 100 Personen</b>."
"05770","Minden-Lübbecke",0.395916583745308,"Hier leben rund <b> 63 310 deutsche Personen</b> zwischen 30 und 49 Jahren. Zwischen 2022 und 2024 sind <b>  752 mehr 30- bis 49-Jährige</b> zugezogen als fortgezogen. Das entspricht einem durchschnittlichen jährlichen Wanderungssaldo von <b>+0,4 je 100 Personen</b>."
"05774","Paderborn",-0.265626090163363,"Hier leben rund <b> 66 890 deutsche Personen</b> zwischen 30 und 49 Jahren. Zwischen 2022 und 2024 sind <b>  533 mehr 30- bis 49-Jährige</b> fortgezogen als zugezogen. Das entspricht einem durchschnittlichen jährlichen Wanderungssaldo von <b>-0,3 je 100 Personen</b>."
"05911","Bochum, Stadt",-0.84326949527143,"Hier leben rund <b> 70 280 deutsche Personen</b> zwischen 30 und 49 Jahren. Zwischen 2022 und 2024 sind <b> 1778 mehr 30- bis 49-Jährige</b> fortgezogen als zugezogen. Das entspricht einem durchschnittlichen jährlichen Wanderungssaldo von <b>-0,8 je 100 Personen</b>."
"05913","Dortmund, Stadt",-1.15868206501852,"Hier leben rund <b>113 860 deutsche Personen</b> zwischen 30 und 49 Jahren. Zwischen 2022 und 2024 sind <b> 3958 mehr 30- bis 49-Jährige</b> fortgezogen als zugezogen. Das entspricht einem durchschnittlichen jährlichen Wanderungssaldo von <b>-1,2 je 100 Personen</b>."
"05914","Hagen, Stadt",-0.933992379775512,"Hier leben rund <b> 32 370 deutsche Personen</b> zwischen 30 und 49 Jahren. Zwischen 2022 und 2024 sind <b>  907 mehr 30- bis 49-Jährige</b> fortgezogen als zugezogen. Das entspricht einem durchschnittlichen jährlichen Wanderungssaldo von <b>-0,9 je 100 Personen</b>."
"05915","Hamm, Stadt",-0.0281641972700846,"Hier leben rund <b> 33 140 deutsche Personen</b> zwischen 30 und 49 Jahren. Zwischen 2022 und 2024 sind <b>   28 mehr 30- bis 49-Jährige</b> fortgezogen als zugezogen. Das entspricht einem durchschnittlichen jährlichen Wanderungssaldo von <b>0,0 je 100 Personen</b>."
"05916","Herne, Stadt",-0.227928517737203,"Hier leben rund <b> 27 490 deutsche Personen</b> zwischen 30 und 49 Jahren. Zwischen 2022 und 2024 sind <b>  188 mehr 30- bis 49-Jährige</b> fortgezogen als zugezogen. Das entspricht einem durchschnittlichen jährlichen Wanderungssaldo von <b>-0,2 je 100 Personen</b>."
"05954","Ennepe-Ruhr-Kreis",0.364638918534329,"Hier leben rund <b> 59 970 deutsche Personen</b> zwischen 30 und 49 Jahren. Zwischen 2022 und 2024 sind <b>  656 mehr 30- bis 49-Jährige</b> zugezogen als fortgezogen. Das entspricht einem durchschnittlichen jährlichen Wanderungssaldo von <b>+0,4 je 100 Personen</b>."
"05958","Hochsauerlandkreis",0.433188068762906,"Hier leben rund <b> 51 170 deutsche Personen</b> zwischen 30 und 49 Jahren. Zwischen 2022 und 2024 sind <b>  665 mehr 30- bis 49-Jährige</b> zugezogen als fortgezogen. Das entspricht einem durchschnittlichen jährlichen Wanderungssaldo von <b>+0,4 je 100 Personen</b>."
"05962","Märkischer Kreis",0.203512574169761,"Hier leben rund <b> 75 670 deutsche Personen</b> zwischen 30 und 49 Jahren. Zwischen 2022 und 2024 sind <b>  462 mehr 30- bis 49-Jährige</b> zugezogen als fortgezogen. Das entspricht einem durchschnittlichen jährlichen Wanderungssaldo von <b>+0,2 je 100 Personen</b>."
"05966","Olpe",0.20213899812562,"Hier leben rund <b> 27 210 deutsche Personen</b> zwischen 30 und 49 Jahren. Zwischen 2022 und 2024 sind <b>  165 mehr 30- bis 49-Jährige</b> zugezogen als fortgezogen. Das entspricht einem durchschnittlichen jährlichen Wanderungssaldo von <b>+0,2 je 100 Personen</b>."
"05970","Siegen-Wittgenstein",-0.25364383259507,"Hier leben rund <b> 54 410 deutsche Personen</b> zwischen 30 und 49 Jahren. Zwischen 2022 und 2024 sind <b>  414 mehr 30- bis 49-Jährige</b> fortgezogen als zugezogen. Das entspricht einem durchschnittlichen jährlichen Wanderungssaldo von <b>-0,3 je 100 Personen</b>."
"05974","Soest",0.599478762032277,"Hier leben rund <b> 60 500 deutsche Personen</b> zwischen 30 und 49 Jahren. Zwischen 2022 und 2024 sind <b> 1088 mehr 30- bis 49-Jährige</b> zugezogen als fortgezogen. Das entspricht einem durchschnittlichen jährlichen Wanderungssaldo von <b>+0,6 je 100 Personen</b>."
"05978","Unna",0.67797923446459,"Hier leben rund <b> 77 440 deutsche Personen</b> zwischen 30 und 49 Jahren. Zwischen 2022 und 2024 sind <b> 1575 mehr 30- bis 49-Jährige</b> zugezogen als fortgezogen. Das entspricht einem durchschnittlichen jährlichen Wanderungssaldo von <b>+0,7 je 100 Personen</b>."
"06411","Darmstadt, Wissenschaftsstadt",-2.53602427792279,"Hier leben rund <b> 31 410 deutsche Personen</b> zwischen 30 und 49 Jahren. Zwischen 2022 und 2024 sind <b> 2390 mehr 30- bis 49-Jährige</b> fortgezogen als zugezogen. Das entspricht einem durchschnittlichen jährlichen Wanderungssaldo von <b>-2,5 je 100 Personen</b>."
"06412","Frankfurt am Main, Stadt",-2.25779939428739,"Hier leben rund <b>148 040 deutsche Personen</b> zwischen 30 und 49 Jahren. Zwischen 2022 und 2024 sind <b>10 027 mehr 30- bis 49-Jährige</b> fortgezogen als zugezogen. Das entspricht einem durchschnittlichen jährlichen Wanderungssaldo von <b>-2,3 je 100 Personen</b>."
"06413","Offenbach am Main, Stadt",-1.6693341593956,"Hier leben rund <b> 19 370 deutsche Personen</b> zwischen 30 und 49 Jahren. Zwischen 2022 und 2024 sind <b>  970 mehr 30- bis 49-Jährige</b> fortgezogen als zugezogen. Das entspricht einem durchschnittlichen jährlichen Wanderungssaldo von <b>-1,7 je 100 Personen</b>."
"06414","Wiesbaden, Landeshauptstadt",-1.2323665357791,"Hier leben rund <b> 52 720 deutsche Personen</b> zwischen 30 und 49 Jahren. Zwischen 2022 und 2024 sind <b> 1949 mehr 30- bis 49-Jährige</b> fortgezogen als zugezogen. Das entspricht einem durchschnittlichen jährlichen Wanderungssaldo von <b>-1,2 je 100 Personen</b>."
"06431","Bergstraße",0.836817346130946,"Hier leben rund <b> 50 950 deutsche Personen</b> zwischen 30 und 49 Jahren. Zwischen 2022 und 2024 sind <b> 1279 mehr 30- bis 49-Jährige</b> zugezogen als fortgezogen. Das entspricht einem durchschnittlichen jährlichen Wanderungssaldo von <b>+0,8 je 100 Personen</b>."
"06432","Darmstadt-Dieburg",0.307129882706181,"Hier leben rund <b> 58 170 deutsche Personen</b> zwischen 30 und 49 Jahren. Zwischen 2022 und 2024 sind <b>  536 mehr 30- bis 49-Jährige</b> zugezogen als fortgezogen. Das entspricht einem durchschnittlichen jährlichen Wanderungssaldo von <b>+0,3 je 100 Personen</b>."
"06433","Groß-Gerau",-0.109086242299795,"Hier leben rund <b> 46 750 deutsche Personen</b> zwischen 30 und 49 Jahren. Zwischen 2022 und 2024 sind <b>  153 mehr 30- bis 49-Jährige</b> fortgezogen als zugezogen. Das entspricht einem durchschnittlichen jährlichen Wanderungssaldo von <b>-0,1 je 100 Personen</b>."
"06434","Hochtaunuskreis",1.07236469960244,"Hier leben rund <b> 41 840 deutsche Personen</b> zwischen 30 und 49 Jahren. Zwischen 2022 und 2024 sind <b> 1346 mehr 30- bis 49-Jährige</b> zugezogen als fortgezogen. Das entspricht einem durchschnittlichen jährlichen Wanderungssaldo von <b>+1,1 je 100 Personen</b>."
"06435","Main-Kinzig-Kreis",0.608476983413465,"Hier leben rund <b> 76 750 deutsche Personen</b> zwischen 30 und 49 Jahren. Zwischen 2022 und 2024 sind <b> 1401 mehr 30- bis 49-Jährige</b> zugezogen als fortgezogen. Das entspricht einem durchschnittlichen jährlichen Wanderungssaldo von <b>+0,6 je 100 Personen</b>."
"06436","Main-Taunus-Kreis",0.119447555057857,"Hier leben rund <b> 44 650 deutsche Personen</b> zwischen 30 und 49 Jahren. Zwischen 2022 und 2024 sind <b>  160 mehr 30- bis 49-Jährige</b> zugezogen als fortgezogen. Das entspricht einem durchschnittlichen jährlichen Wanderungssaldo von <b>+0,1 je 100 Personen</b>."
"06437","Odenwaldkreis",0.695435092724679,"Hier leben rund <b> 16 820 deutsche Personen</b> zwischen 30 und 49 Jahren. Zwischen 2022 und 2024 sind <b>  351 mehr 30- bis 49-Jährige</b> zugezogen als fortgezogen. Das entspricht einem durchschnittlichen jährlichen Wanderungssaldo von <b>+0,7 je 100 Personen</b>."
"06438","Offenbach, Landkreis",0.0105054707238795,"Hier leben rund <b> 63 460 deutsche Personen</b> zwischen 30 und 49 Jahren. Zwischen 2022 und 2024 sind <b>   20 mehr 30- bis 49-Jährige</b> zugezogen als fortgezogen. Das entspricht einem durchschnittlichen jährlichen Wanderungssaldo von <b>0,0 je 100 Personen</b>."
"06439","Rheingau-Taunus-Kreis",0.80745882831334,"Hier leben rund <b> 34 430 deutsche Personen</b> zwischen 30 und 49 Jahren. Zwischen 2022 und 2024 sind <b>  834 mehr 30- bis 49-Jährige</b> zugezogen als fortgezogen. Das entspricht einem durchschnittlichen jährlichen Wanderungssaldo von <b>+0,8 je 100 Personen</b>."
"06440","Wetteraukreis",0.690672346139664,"Hier leben rund <b> 60 570 deutsche Personen</b> zwischen 30 und 49 Jahren. Zwischen 2022 und 2024 sind <b> 1255 mehr 30- bis 49-Jährige</b> zugezogen als fortgezogen. Das entspricht einem durchschnittlichen jährlichen Wanderungssaldo von <b>+0,7 je 100 Personen</b>."
"06531","Gießen",-0.985408375971196,"Hier leben rund <b> 52 770 deutsche Personen</b> zwischen 30 und 49 Jahren. Zwischen 2022 und 2024 sind <b> 1560 mehr 30- bis 49-Jährige</b> fortgezogen als zugezogen. Das entspricht einem durchschnittlichen jährlichen Wanderungssaldo von <b>-1,0 je 100 Personen</b>."
"06532","Lahn-Dill-Kreis",0.44630628102597,"Hier leben rund <b> 49 890 deutsche Personen</b> zwischen 30 und 49 Jahren. Zwischen 2022 und 2024 sind <b>  668 mehr 30- bis 49-Jährige</b> zugezogen als fortgezogen. Das entspricht einem durchschnittlichen jährlichen Wanderungssaldo von <b>+0,4 je 100 Personen</b>."
"06533","Limburg-Weilburg",0.274826125348493,"Hier leben rund <b> 33 600 deutsche Personen</b> zwischen 30 und 49 Jahren. Zwischen 2022 und 2024 sind <b>  277 mehr 30- bis 49-Jährige</b> zugezogen als fortgezogen. Das entspricht einem durchschnittlichen jährlichen Wanderungssaldo von <b>+0,3 je 100 Personen</b>."
"06534","Marburg-Biedenkopf",-0.402594964433968,"Hier leben rund <b> 47 940 deutsche Personen</b> zwischen 30 und 49 Jahren. Zwischen 2022 und 2024 sind <b>  579 mehr 30- bis 49-Jährige</b> fortgezogen als zugezogen. Das entspricht einem durchschnittlichen jährlichen Wanderungssaldo von <b>-0,4 je 100 Personen</b>."
"06535","Vogelsbergkreis",0.927631469773153,"Hier leben rund <b> 20 090 deutsche Personen</b> zwischen 30 und 49 Jahren. Zwischen 2022 und 2024 sind <b>  559 mehr 30- bis 49-Jährige</b> zugezogen als fortgezogen. Das entspricht einem durchschnittlichen jährlichen Wanderungssaldo von <b>+0,9 je 100 Personen</b>."
"06611","Kassel, documenta-Stadt",-2.1842251418062,"Hier leben rund <b> 36 610 deutsche Personen</b> zwischen 30 und 49 Jahren. Zwischen 2022 und 2024 sind <b> 2399 mehr 30- bis 49-Jährige</b> fortgezogen als zugezogen. Das entspricht einem durchschnittlichen jährlichen Wanderungssaldo von <b>-2,2 je 100 Personen</b>."
"06631","Fulda",0.0724442851168071,"Hier leben rund <b> 44 630 deutsche Personen</b> zwischen 30 und 49 Jahren. Zwischen 2022 und 2024 sind <b>   97 mehr 30- bis 49-Jährige</b> zugezogen als fortgezogen. Das entspricht einem durchschnittlichen jährlichen Wanderungssaldo von <b>+0,1 je 100 Personen</b>."
"06632","Hersfeld-Rotenburg",0.328457563282824,"Hier leben rund <b> 22 830 deutsche Personen</b> zwischen 30 und 49 Jahren. Zwischen 2022 und 2024 sind <b>  225 mehr 30- bis 49-Jährige</b> zugezogen als fortgezogen. Das entspricht einem durchschnittlichen jährlichen Wanderungssaldo von <b>+0,3 je 100 Personen</b>."
"06633","Kassel, Landkreis",0.965739585840682,"Hier leben rund <b> 45 700 deutsche Personen</b> zwischen 30 und 49 Jahren. Zwischen 2022 und 2024 sind <b> 1324 mehr 30- bis 49-Jährige</b> zugezogen als fortgezogen. Das entspricht einem durchschnittlichen jährlichen Wanderungssaldo von <b>+1,0 je 100 Personen</b>."
"06634","Schwalm-Eder-Kreis",0.798604486358309,"Hier leben rund <b> 36 690 deutsche Personen</b> zwischen 30 und 49 Jahren. Zwischen 2022 und 2024 sind <b>  879 mehr 30- bis 49-Jährige</b> zugezogen als fortgezogen. Das entspricht einem durchschnittlichen jährlichen Wanderungssaldo von <b>+0,8 je 100 Personen</b>."
"06635","Waldeck-Frankenberg",0.463117211967748,"Hier leben rund <b> 30 010 deutsche Personen</b> zwischen 30 und 49 Jahren. Zwischen 2022 und 2024 sind <b>  417 mehr 30- bis 49-Jährige</b> zugezogen als fortgezogen. Das entspricht einem durchschnittlichen jährlichen Wanderungssaldo von <b>+0,5 je 100 Personen</b>."
"06636","Werra-Meißner-Kreis",1.09099227507083,"Hier leben rund <b> 18 940 deutsche Personen</b> zwischen 30 und 49 Jahren. Zwischen 2022 und 2024 sind <b>  620 mehr 30- bis 49-Jährige</b> zugezogen als fortgezogen. Das entspricht einem durchschnittlichen jährlichen Wanderungssaldo von <b>+1,1 je 100 Personen</b>."
"07111","Koblenz, kreisfreie Stadt",-2.11731170472244,"Hier leben rund <b> 22 690 deutsche Personen</b> zwischen 30 und 49 Jahren. Zwischen 2022 und 2024 sind <b> 1441 mehr 30- bis 49-Jährige</b> fortgezogen als zugezogen. Das entspricht einem durchschnittlichen jährlichen Wanderungssaldo von <b>-2,1 je 100 Personen</b>."
"07131","Ahrweiler",1.17799617799618,"Hier leben rund <b> 24 420 deutsche Personen</b> zwischen 30 und 49 Jahren. Zwischen 2022 und 2024 sind <b>  863 mehr 30- bis 49-Jährige</b> zugezogen als fortgezogen. Das entspricht einem durchschnittlichen jährlichen Wanderungssaldo von <b>+1,2 je 100 Personen</b>."
"07132","Altenkirchen (Westerwald)",0.86825931675059,"Hier leben rund <b> 26 410 deutsche Personen</b> zwischen 30 und 49 Jahren. Zwischen 2022 und 2024 sind <b>  688 mehr 30- bis 49-Jährige</b> zugezogen als fortgezogen. Das entspricht einem durchschnittlichen jährlichen Wanderungssaldo von <b>+0,9 je 100 Personen</b>."
"07133","Bad Kreuznach",0.831104317921284,"Hier leben rund <b> 31 400 deutsche Personen</b> zwischen 30 und 49 Jahren. Zwischen 2022 und 2024 sind <b>  783 mehr 30- bis 49-Jährige</b> zugezogen als fortgezogen. Das entspricht einem durchschnittlichen jährlichen Wanderungssaldo von <b>+0,8 je 100 Personen</b>."
"07134","Birkenfeld",0.337996833953707,"Hier leben rund <b> 15 580 deutsche Personen</b> zwischen 30 und 49 Jahren. Zwischen 2022 und 2024 sind <b>  158 mehr 30- bis 49-Jährige</b> zugezogen als fortgezogen. Das entspricht einem durchschnittlichen jährlichen Wanderungssaldo von <b>+0,3 je 100 Personen</b>."
"07135","Cochem-Zell",0.64882400648824,"Hier leben rund <b> 11 510 deutsche Personen</b> zwischen 30 und 49 Jahren. Zwischen 2022 und 2024 sind <b>  224 mehr 30- bis 49-Jährige</b> zugezogen als fortgezogen. Das entspricht einem durchschnittlichen jährlichen Wanderungssaldo von <b>+0,6 je 100 Personen</b>."
"07137","Mayen-Koblenz",0.486953939798835,"Hier leben rund <b> 44 900 deutsche Personen</b> zwischen 30 und 49 Jahren. Zwischen 2022 und 2024 sind <b>  656 mehr 30- bis 49-Jährige</b> zugezogen als fortgezogen. Das entspricht einem durchschnittlichen jährlichen Wanderungssaldo von <b>+0,5 je 100 Personen</b>."
"07138","Neuwied",0.88346265446691,"Hier leben rund <b> 35 960 deutsche Personen</b> zwischen 30 und 49 Jahren. Zwischen 2022 und 2024 sind <b>  953 mehr 30- bis 49-Jährige</b> zugezogen als fortgezogen. Das entspricht einem durchschnittlichen jährlichen Wanderungssaldo von <b>+0,9 je 100 Personen</b>."
"07140","Rhein-Hunsrück-Kreis",1.10202063697112,"Hier leben rund <b> 20 900 deutsche Personen</b> zwischen 30 und 49 Jahren. Zwischen 2022 und 2024 sind <b>  691 mehr 30- bis 49-Jährige</b> zugezogen als fortgezogen. Das entspricht einem durchschnittlichen jährlichen Wanderungssaldo von <b>+1,1 je 100 Personen</b>."
"07141","Rhein-Lahn-Kreis",1.30361364403918,"Hier leben rund <b> 24 680 deutsche Personen</b> zwischen 30 und 49 Jahren. Zwischen 2022 und 2024 sind <b>  965 mehr 30- bis 49-Jährige</b> zugezogen als fortgezogen. Das entspricht einem durchschnittlichen jährlichen Wanderungssaldo von <b>+1,3 je 100 Personen</b>."
"07143","Westerwaldkreis",0.884664251094066,"Hier leben rund <b> 42 500 deutsche Personen</b> zwischen 30 und 49 Jahren. Zwischen 2022 und 2024 sind <b> 1128 mehr 30- bis 49-Jährige</b> zugezogen als fortgezogen. Das entspricht einem durchschnittlichen jährlichen Wanderungssaldo von <b>+0,9 je 100 Personen</b>."
"07211","Trier, kreisfreie Stadt",-2.07720854017061,"Hier leben rund <b> 20 750 deutsche Personen</b> zwischen 30 und 49 Jahren. Zwischen 2022 und 2024 sind <b> 1293 mehr 30- bis 49-Jährige</b> fortgezogen als zugezogen. Das entspricht einem durchschnittlichen jährlichen Wanderungssaldo von <b>-2,1 je 100 Personen</b>."
"07231","Bernkastel-Wittlich",0.729478614758504,"Hier leben rund <b> 21 700 deutsche Personen</b> zwischen 30 und 49 Jahren. Zwischen 2022 und 2024 sind <b>  475 mehr 30- bis 49-Jährige</b> zugezogen als fortgezogen. Das entspricht einem durchschnittlichen jährlichen Wanderungssaldo von <b>+0,7 je 100 Personen</b>."
"07232","Eifelkreis Bitburg-Prüm",0.720691864189622,"Hier leben rund <b> 18 730 deutsche Personen</b> zwischen 30 und 49 Jahren. Zwischen 2022 und 2024 sind <b>  405 mehr 30- bis 49-Jährige</b> zugezogen als fortgezogen. Das entspricht einem durchschnittlichen jährlichen Wanderungssaldo von <b>+0,7 je 100 Personen</b>."
"07233","Vulkaneifel",0.876962969437403,"Hier leben rund <b> 11 440 deutsche Personen</b> zwischen 30 und 49 Jahren. Zwischen 2022 und 2024 sind <b>  301 mehr 30- bis 49-Jährige</b> zugezogen als fortgezogen. Das entspricht einem durchschnittlichen jährlichen Wanderungssaldo von <b>+0,9 je 100 Personen</b>."
"07235","Trier-Saarburg",0.865930459464254,"Hier leben rund <b> 30 060 deutsche Personen</b> zwischen 30 und 49 Jahren. Zwischen 2022 und 2024 sind <b>  781 mehr 30- bis 49-Jährige</b> zugezogen als fortgezogen. Das entspricht einem durchschnittlichen jährlichen Wanderungssaldo von <b>+0,9 je 100 Personen</b>."
"07311","Frankenthal (Pfalz), kreisfreie Stadt",-0.953424212917884,"Hier leben rund <b>  8220 deutsche Personen</b> zwischen 30 und 49 Jahren. Zwischen 2022 und 2024 sind <b>  235 mehr 30- bis 49-Jährige</b> fortgezogen als zugezogen. Das entspricht einem durchschnittlichen jährlichen Wanderungssaldo von <b>-1,0 je 100 Personen</b>."
"07312","Kaiserslautern, kreisfreie Stadt",-2.03938515191145,"Hier leben rund <b> 17 590 deutsche Personen</b> zwischen 30 und 49 Jahren. Zwischen 2022 und 2024 sind <b> 1076 mehr 30- bis 49-Jährige</b> fortgezogen als zugezogen. Das entspricht einem durchschnittlichen jährlichen Wanderungssaldo von <b>-2,0 je 100 Personen</b>."
"07313","Landau in der Pfalz, kreisfreie Stadt",-0.475787692958342,"Hier leben rund <b>  9460 deutsche Personen</b> zwischen 30 und 49 Jahren. Zwischen 2022 und 2024 sind <b>  135 mehr 30- bis 49-Jährige</b> fortgezogen als zugezogen. Das entspricht einem durchschnittlichen jährlichen Wanderungssaldo von <b>-0,5 je 100 Personen</b>."
"07314","Ludwigshafen am Rhein, kreisfreie Stadt",-1.47857831825452,"Hier leben rund <b> 27 300 deutsche Personen</b> zwischen 30 und 49 Jahren. Zwischen 2022 und 2024 sind <b> 1211 mehr 30- bis 49-Jährige</b> fortgezogen als zugezogen. Das entspricht einem durchschnittlichen jährlichen Wanderungssaldo von <b>-1,5 je 100 Personen</b>."
"07315","Mainz, kreisfreie Stadt",-2.21008612244301,"Hier leben rund <b> 45 590 deutsche Personen</b> zwischen 30 und 49 Jahren. Zwischen 2022 und 2024 sind <b> 3023 mehr 30- bis 49-Jährige</b> fortgezogen als zugezogen. Das entspricht einem durchschnittlichen jährlichen Wanderungssaldo von <b>-2,2 je 100 Personen</b>."
"07316","Neustadt an der Weinstraße, kreisfreie Stadt",0.472813238770686,"Hier leben rund <b>  9730 deutsche Personen</b> zwischen 30 und 49 Jahren. Zwischen 2022 und 2024 sind <b>  138 mehr 30- bis 49-Jährige</b> zugezogen als fortgezogen. Das entspricht einem durchschnittlichen jährlichen Wanderungssaldo von <b>+0,5 je 100 Personen</b>."
"07317","Pirmasens, kreisfreie Stadt",-0.364376301343933,"Hier leben rund <b>  7040 deutsche Personen</b> zwischen 30 und 49 Jahren. Zwischen 2022 und 2024 sind <b>   77 mehr 30- bis 49-Jährige</b> fortgezogen als zugezogen. Das entspricht einem durchschnittlichen jährlichen Wanderungssaldo von <b>-0,4 je 100 Personen</b>."
"07318","Speyer, kreisfreie Stadt",-0.399268629426471,"Hier leben rund <b>  8930 deutsche Personen</b> zwischen 30 und 49 Jahren. Zwischen 2022 und 2024 sind <b>  107 mehr 30- bis 49-Jährige</b> fortgezogen als zugezogen. Das entspricht einem durchschnittlichen jährlichen Wanderungssaldo von <b>-0,4 je 100 Personen</b>."
"07319","Worms, kreisfreie Stadt",-0.733835779452598,"Hier leben rund <b> 15 130 deutsche Personen</b> zwischen 30 und 49 Jahren. Zwischen 2022 und 2024 sind <b>  333 mehr 30- bis 49-Jährige</b> fortgezogen als zugezogen. Das entspricht einem durchschnittlichen jährlichen Wanderungssaldo von <b>-0,7 je 100 Personen</b>."
"07320","Zweibrücken, kreisfreie Stadt",0.113642233586446,"Hier leben rund <b>  6450 deutsche Personen</b> zwischen 30 und 49 Jahren. Zwischen 2022 und 2024 sind <b>   22 mehr 30- bis 49-Jährige</b> zugezogen als fortgezogen. Das entspricht einem durchschnittlichen jährlichen Wanderungssaldo von <b>+0,1 je 100 Personen</b>."
"07331","Alzey-Worms",1.27561846276742,"Hier leben rund <b> 26 710 deutsche Personen</b> zwischen 30 und 49 Jahren. Zwischen 2022 und 2024 sind <b> 1022 mehr 30- bis 49-Jährige</b> zugezogen als fortgezogen. Das entspricht einem durchschnittlichen jährlichen Wanderungssaldo von <b>+1,3 je 100 Personen</b>."
"07332","Bad Dürkheim",1.54352161189237,"Hier leben rund <b> 25 740 deutsche Personen</b> zwischen 30 und 49 Jahren. Zwischen 2022 und 2024 sind <b> 1192 mehr 30- bis 49-Jährige</b> zugezogen als fortgezogen. Das entspricht einem durchschnittlichen jährlichen Wanderungssaldo von <b>+1,5 je 100 Personen</b>."
"07333","Donnersbergkreis",1.08767741079719,"Hier leben rund <b> 15 080 deutsche Personen</b> zwischen 30 und 49 Jahren. Zwischen 2022 und 2024 sind <b>  492 mehr 30- bis 49-Jährige</b> zugezogen als fortgezogen. Das entspricht einem durchschnittlichen jährlichen Wanderungssaldo von <b>+1,1 je 100 Personen</b>."
"07334","Germersheim",0.755782884189633,"Hier leben rund <b> 26 200 deutsche Personen</b> zwischen 30 und 49 Jahren. Zwischen 2022 und 2024 sind <b>  594 mehr 30- bis 49-Jährige</b> zugezogen als fortgezogen. Das entspricht einem durchschnittlichen jährlichen Wanderungssaldo von <b>+0,8 je 100 Personen</b>."
"07335","Kaiserslautern, Landkreis",0.395716945996276,"Hier leben rund <b> 21 480 deutsche Personen</b> zwischen 30 und 49 Jahren. Zwischen 2022 und 2024 sind <b>  255 mehr 30- bis 49-Jährige</b> zugezogen als fortgezogen. Das entspricht einem durchschnittlichen jährlichen Wanderungssaldo von <b>+0,4 je 100 Personen</b>."
"07336","Kusel",0.793250162255715,"Hier leben rund <b> 13 870 deutsche Personen</b> zwischen 30 und 49 Jahren. Zwischen 2022 und 2024 sind <b>  330 mehr 30- bis 49-Jährige</b> zugezogen als fortgezogen. Das entspricht einem durchschnittlichen jährlichen Wanderungssaldo von <b>+0,8 je 100 Personen</b>."
"07337","Südliche Weinstraße",1.32137731019073,"Hier leben rund <b> 22 530 deutsche Personen</b> zwischen 30 und 49 Jahren. Zwischen 2022 und 2024 sind <b>  893 mehr 30- bis 49-Jährige</b> zugezogen als fortgezogen. Das entspricht einem durchschnittlichen jährlichen Wanderungssaldo von <b>+1,3 je 100 Personen</b>."
"07338","Rhein-Pfalz-Kreis",1.04251330233969,"Hier leben rund <b> 30 760 deutsche Personen</b> zwischen 30 und 49 Jahren. Zwischen 2022 und 2024 sind <b>  962 mehr 30- bis 49-Jährige</b> zugezogen als fortgezogen. Das entspricht einem durchschnittlichen jährlichen Wanderungssaldo von <b>+1,0 je 100 Personen</b>."
"07339","Mainz-Bingen",1.08948910916811,"Hier leben rund <b> 41 060 deutsche Personen</b> zwischen 30 und 49 Jahren. Zwischen 2022 und 2024 sind <b> 1342 mehr 30- bis 49-Jährige</b> zugezogen als fortgezogen. Das entspricht einem durchschnittlichen jährlichen Wanderungssaldo von <b>+1,1 je 100 Personen</b>."
"07340","Südwestpfalz",1.07021094277015,"Hier leben rund <b> 18 280 deutsche Personen</b> zwischen 30 und 49 Jahren. Zwischen 2022 und 2024 sind <b>  587 mehr 30- bis 49-Jährige</b> zugezogen als fortgezogen. Das entspricht einem durchschnittlichen jährlichen Wanderungssaldo von <b>+1,1 je 100 Personen</b>."
"08111","Stuttgart, Stadt",-3.05981228454241,"Hier leben rund <b>119 220 deutsche Personen</b> zwischen 30 und 49 Jahren. Zwischen 2022 und 2024 sind <b>10 944 mehr 30- bis 49-Jährige</b> fortgezogen als zugezogen. Das entspricht einem durchschnittlichen jährlichen Wanderungssaldo von <b>-3,1 je 100 Personen</b>."
"08115","Böblingen",-0.363294962854111,"Hier leben rund <b> 73 490 deutsche Personen</b> zwischen 30 und 49 Jahren. Zwischen 2022 und 2024 sind <b>  801 mehr 30- bis 49-Jährige</b> fortgezogen als zugezogen. Das entspricht einem durchschnittlichen jährlichen Wanderungssaldo von <b>-0,4 je 100 Personen</b>."
"08116","Esslingen",-0.187182847733306,"Hier leben rund <b> 99 190 deutsche Personen</b> zwischen 30 und 49 Jahren. Zwischen 2022 und 2024 sind <b>  557 mehr 30- bis 49-Jährige</b> fortgezogen als zugezogen. Das entspricht einem durchschnittlichen jährlichen Wanderungssaldo von <b>-0,2 je 100 Personen</b>."
"08117","Göppingen",0.260215670275873,"Hier leben rund <b> 45 350 deutsche Personen</b> zwischen 30 und 49 Jahren. Zwischen 2022 und 2024 sind <b>  354 mehr 30- bis 49-Jährige</b> zugezogen als fortgezogen. Das entspricht einem durchschnittlichen jährlichen Wanderungssaldo von <b>+0,3 je 100 Personen</b>."
"08118","Ludwigsburg",-0.231852683344024,"Hier leben rund <b> 99 780 deutsche Personen</b> zwischen 30 und 49 Jahren. Zwischen 2022 und 2024 sind <b>  694 mehr 30- bis 49-Jährige</b> fortgezogen als zugezogen. Das entspricht einem durchschnittlichen jährlichen Wanderungssaldo von <b>-0,2 je 100 Personen</b>."
"08119","Rems-Murr-Kreis",0.383838132347388,"Hier leben rund <b> 80 330 deutsche Personen</b> zwischen 30 und 49 Jahren. Zwischen 2022 und 2024 sind <b>  925 mehr 30- bis 49-Jährige</b> zugezogen als fortgezogen. Das entspricht einem durchschnittlichen jährlichen Wanderungssaldo von <b>+0,4 je 100 Personen</b>."
"08121","Heilbronn, Stadt",-1.79587846680226,"Hier leben rund <b> 21 140 deutsche Personen</b> zwischen 30 und 49 Jahren. Zwischen 2022 und 2024 sind <b> 1139 mehr 30- bis 49-Jährige</b> fortgezogen als zugezogen. Das entspricht einem durchschnittlichen jährlichen Wanderungssaldo von <b>-1,8 je 100 Personen</b>."
"08125","Heilbronn, Landkreis",0.566860323669946,"Hier leben rund <b> 68 510 deutsche Personen</b> zwischen 30 und 49 Jahren. Zwischen 2022 und 2024 sind <b> 1165 mehr 30- bis 49-Jährige</b> zugezogen als fortgezogen. Das entspricht einem durchschnittlichen jährlichen Wanderungssaldo von <b>+0,6 je 100 Personen</b>."
"08126","Hohenlohekreis",0.380537400145243,"Hier leben rund <b> 22 950 deutsche Personen</b> zwischen 30 und 49 Jahren. Zwischen 2022 und 2024 sind <b>  262 mehr 30- bis 49-Jährige</b> zugezogen als fortgezogen. Das entspricht einem durchschnittlichen jährlichen Wanderungssaldo von <b>+0,4 je 100 Personen</b>."
"08127","Schwäbisch Hall",0.33665814579052,"Hier leben rund <b> 39 900 deutsche Personen</b> zwischen 30 und 49 Jahren. Zwischen 2022 und 2024 sind <b>  403 mehr 30- bis 49-Jährige</b> zugezogen als fortgezogen. Das entspricht einem durchschnittlichen jährlichen Wanderungssaldo von <b>+0,3 je 100 Personen</b>."
"08128","Main-Tauber-Kreis",0.628709778194314,"Hier leben rund <b> 25 610 deutsche Personen</b> zwischen 30 und 49 Jahren. Zwischen 2022 und 2024 sind <b>  483 mehr 30- bis 49-Jährige</b> zugezogen als fortgezogen. Das entspricht einem durchschnittlichen jährlichen Wanderungssaldo von <b>+0,6 je 100 Personen</b>."
"08135","Heidenheim",0.418863985937157,"Hier leben rund <b> 24 270 deutsche Personen</b> zwischen 30 und 49 Jahren. Zwischen 2022 und 2024 sind <b>  305 mehr 30- bis 49-Jährige</b> zugezogen als fortgezogen. Das entspricht einem durchschnittlichen jährlichen Wanderungssaldo von <b>+0,4 je 100 Personen</b>."
"08136","Ostalbkreis",0.357360945174565,"Hier leben rund <b> 62 780 deutsche Personen</b> zwischen 30 und 49 Jahren. Zwischen 2022 und 2024 sind <b>  673 mehr 30- bis 49-Jährige</b> zugezogen als fortgezogen. Das entspricht einem durchschnittlichen jährlichen Wanderungssaldo von <b>+0,4 je 100 Personen</b>."
"08211","Baden-Baden, Stadt",-0.0549925367271585,"Hier leben rund <b>  8490 deutsche Personen</b> zwischen 30 und 49 Jahren. Zwischen 2022 und 2024 sind <b>   14 mehr 30- bis 49-Jährige</b> fortgezogen als zugezogen. Das entspricht einem durchschnittlichen jährlichen Wanderungssaldo von <b>-0,1 je 100 Personen</b>."
"08212","Karlsruhe, Stadt",-2.0345134638578,"Hier leben rund <b> 59 150 deutsche Personen</b> zwischen 30 und 49 Jahren. Zwischen 2022 und 2024 sind <b> 3610 mehr 30- bis 49-Jährige</b> fortgezogen als zugezogen. Das entspricht einem durchschnittlichen jährlichen Wanderungssaldo von <b>-2,0 je 100 Personen</b>."
"08215","Karlsruhe, Landkreis",0.733862513104688,"Hier leben rund <b> 86 800 deutsche Personen</b> zwischen 30 und 49 Jahren. Zwischen 2022 und 2024 sind <b> 1911 mehr 30- bis 49-Jährige</b> zugezogen als fortgezogen. Das entspricht einem durchschnittlichen jährlichen Wanderungssaldo von <b>+0,7 je 100 Personen</b>."
"08216","Rastatt",0.430555226987769,"Hier leben rund <b> 42 270 deutsche Personen</b> zwischen 30 und 49 Jahren. Zwischen 2022 und 2024 sind <b>  546 mehr 30- bis 49-Jährige</b> zugezogen als fortgezogen. Das entspricht einem durchschnittlichen jährlichen Wanderungssaldo von <b>+0,4 je 100 Personen</b>."
"08221","Heidelberg, Stadt",-2.6252207043955,"Hier leben rund <b> 28 700 deutsche Personen</b> zwischen 30 und 49 Jahren. Zwischen 2022 und 2024 sind <b> 2260 mehr 30- bis 49-Jährige</b> fortgezogen als zugezogen. Das entspricht einem durchschnittlichen jährlichen Wanderungssaldo von <b>-2,6 je 100 Personen</b>."
"08222","Mannheim, Stadt",-1.97987903103249,"Hier leben rund <b> 54 840 deutsche Personen</b> zwischen 30 und 49 Jahren. Zwischen 2022 und 2024 sind <b> 3257 mehr 30- bis 49-Jährige</b> fortgezogen als zugezogen. Das entspricht einem durchschnittlichen jährlichen Wanderungssaldo von <b>-2,0 je 100 Personen</b>."
"08225","Neckar-Odenwald-Kreis",0.616018888049953,"Hier leben rund <b> 27 810 deutsche Personen</b> zwischen 30 und 49 Jahren. Zwischen 2022 und 2024 sind <b>  514 mehr 30- bis 49-Jährige</b> zugezogen als fortgezogen. Das entspricht einem durchschnittlichen jährlichen Wanderungssaldo von <b>+0,6 je 100 Personen</b>."
"08226","Rhein-Neckar-Kreis",0.415608261299737,"Hier leben rund <b>107 470 deutsche Personen</b> zwischen 30 und 49 Jahren. Zwischen 2022 und 2024 sind <b> 1340 mehr 30- bis 49-Jährige</b> zugezogen als fortgezogen. Das entspricht einem durchschnittlichen jährlichen Wanderungssaldo von <b>+0,4 je 100 Personen</b>."
"08231","Pforzheim, Stadt",-1.38847858197932,"Hier leben rund <b> 20 310 deutsche Personen</b> zwischen 30 und 49 Jahren. Zwischen 2022 und 2024 sind <b>  846 mehr 30- bis 49-Jährige</b> fortgezogen als zugezogen. Das entspricht einem durchschnittlichen jährlichen Wanderungssaldo von <b>-1,4 je 100 Personen</b>."
"08235","Calw",0.888355342136855,"Hier leben rund <b> 29 160 deutsche Personen</b> zwischen 30 und 49 Jahren. Zwischen 2022 und 2024 sind <b>  777 mehr 30- bis 49-Jährige</b> zugezogen als fortgezogen. Das entspricht einem durchschnittlichen jährlichen Wanderungssaldo von <b>+0,9 je 100 Personen</b>."
"08236","Enzkreis",0.778140672127929,"Hier leben rund <b> 37 350 deutsche Personen</b> zwischen 30 und 49 Jahren. Zwischen 2022 und 2024 sind <b>  872 mehr 30- bis 49-Jährige</b> zugezogen als fortgezogen. Das entspricht einem durchschnittlichen jährlichen Wanderungssaldo von <b>+0,8 je 100 Personen</b>."
"08237","Freudenstadt",0.50425785450635,"Hier leben rund <b> 22 940 deutsche Personen</b> zwischen 30 und 49 Jahren. Zwischen 2022 und 2024 sind <b>  347 mehr 30- bis 49-Jährige</b> zugezogen als fortgezogen. Das entspricht einem durchschnittlichen jährlichen Wanderungssaldo von <b>+0,5 je 100 Personen</b>."
"08311","Freiburg im Breisgau, Stadt",-1.56412417474364,"Hier leben rund <b> 47 460 deutsche Personen</b> zwischen 30 und 49 Jahren. Zwischen 2022 und 2024 sind <b> 2227 mehr 30- bis 49-Jährige</b> fortgezogen als zugezogen. Das entspricht einem durchschnittlichen jährlichen Wanderungssaldo von <b>-1,6 je 100 Personen</b>."
"08315","Breisgau-Hochschwarzwald",1.00347153992271,"Hier leben rund <b> 50 890 deutsche Personen</b> zwischen 30 und 49 Jahren. Zwischen 2022 und 2024 sind <b> 1532 mehr 30- bis 49-Jährige</b> zugezogen als fortgezogen. Das entspricht einem durchschnittlichen jährlichen Wanderungssaldo von <b>+1,0 je 100 Personen</b>."
"08316","Emmendingen",1.02802422194057,"Hier leben rund <b> 33 140 deutsche Personen</b> zwischen 30 und 49 Jahren. Zwischen 2022 und 2024 sind <b> 1022 mehr 30- bis 49-Jährige</b> zugezogen als fortgezogen. Das entspricht einem durchschnittlichen jährlichen Wanderungssaldo von <b>+1,0 je 100 Personen</b>."
"08317","Ortenaukreis",0.556772544724352,"Hier leben rund <b> 84 000 deutsche Personen</b> zwischen 30 und 49 Jahren. Zwischen 2022 und 2024 sind <b> 1403 mehr 30- bis 49-Jährige</b> zugezogen als fortgezogen. Das entspricht einem durchschnittlichen jährlichen Wanderungssaldo von <b>+0,6 je 100 Personen</b>."
"08325","Rottweil",0.490030203907709,"Hier leben rund <b> 26 600 deutsche Personen</b> zwischen 30 und 49 Jahren. Zwischen 2022 und 2024 sind <b>  391 mehr 30- bis 49-Jährige</b> zugezogen als fortgezogen. Das entspricht einem durchschnittlichen jährlichen Wanderungssaldo von <b>+0,5 je 100 Personen</b>."
"08326","Schwarzwald-Baar-Kreis",0.319829424307036,"Hier leben rund <b> 37 520 deutsche Personen</b> zwischen 30 und 49 Jahren. Zwischen 2022 und 2024 sind <b>  360 mehr 30- bis 49-Jährige</b> zugezogen als fortgezogen. Das entspricht einem durchschnittlichen jährlichen Wanderungssaldo von <b>+0,3 je 100 Personen</b>."
"08327","Tuttlingen",0.240761264187717,"Hier leben rund <b> 26 170 deutsche Personen</b> zwischen 30 und 49 Jahren. Zwischen 2022 und 2024 sind <b>  189 mehr 30- bis 49-Jährige</b> zugezogen als fortgezogen. Das entspricht einem durchschnittlichen jährlichen Wanderungssaldo von <b>+0,2 je 100 Personen</b>."
"08335","Konstanz",0.419096327579638,"Hier leben rund <b> 51 620 deutsche Personen</b> zwischen 30 und 49 Jahren. Zwischen 2022 und 2024 sind <b>  649 mehr 30- bis 49-Jährige</b> zugezogen als fortgezogen. Das entspricht einem durchschnittlichen jährlichen Wanderungssaldo von <b>+0,4 je 100 Personen</b>."
"08336","Lörrach",0.768336335240875,"Hier leben rund <b> 43 860 deutsche Personen</b> zwischen 30 und 49 Jahren. Zwischen 2022 und 2024 sind <b> 1011 mehr 30- bis 49-Jährige</b> zugezogen als fortgezogen. Das entspricht einem durchschnittlichen jährlichen Wanderungssaldo von <b>+0,8 je 100 Personen</b>."
"08337","Waldshut",0.697840423605118,"Hier leben rund <b> 31 290 deutsche Personen</b> zwischen 30 und 49 Jahren. Zwischen 2022 und 2024 sind <b>  655 mehr 30- bis 49-Jährige</b> zugezogen als fortgezogen. Das entspricht einem durchschnittlichen jährlichen Wanderungssaldo von <b>+0,7 je 100 Personen</b>."
"08415","Reutlingen",0.308118551097362,"Hier leben rund <b> 53 660 deutsche Personen</b> zwischen 30 und 49 Jahren. Zwischen 2022 und 2024 sind <b>  496 mehr 30- bis 49-Jährige</b> zugezogen als fortgezogen. Das entspricht einem durchschnittlichen jährlichen Wanderungssaldo von <b>+0,3 je 100 Personen</b>."
"08416","Tübingen",-0.869843681345279,"Hier leben rund <b> 44 760 deutsche Personen</b> zwischen 30 und 49 Jahren. Zwischen 2022 und 2024 sind <b> 1168 mehr 30- bis 49-Jährige</b> fortgezogen als zugezogen. Das entspricht einem durchschnittlichen jährlichen Wanderungssaldo von <b>-0,9 je 100 Personen</b>."
"08417","Zollernalbkreis",0.574873546484499,"Hier leben rund <b> 35 720 deutsche Personen</b> zwischen 30 und 49 Jahren. Zwischen 2022 und 2024 sind <b>  616 mehr 30- bis 49-Jährige</b> zugezogen als fortgezogen. Das entspricht einem durchschnittlichen jährlichen Wanderungssaldo von <b>+0,6 je 100 Personen</b>."
"08421","Ulm, Stadt",-2.09843944283778,"Hier leben rund <b> 23 860 deutsche Personen</b> zwischen 30 und 49 Jahren. Zwischen 2022 und 2024 sind <b> 1502 mehr 30- bis 49-Jährige</b> fortgezogen als zugezogen. Das entspricht einem durchschnittlichen jährlichen Wanderungssaldo von <b>-2,1 je 100 Personen</b>."
"08425","Alb-Donau-Kreis",0.811711966537238,"Hier leben rund <b> 38 890 deutsche Personen</b> zwischen 30 und 49 Jahren. Zwischen 2022 und 2024 sind <b>  947 mehr 30- bis 49-Jährige</b> zugezogen als fortgezogen. Das entspricht einem durchschnittlichen jährlichen Wanderungssaldo von <b>+0,8 je 100 Personen</b>."
"08426","Biberach",0.651847683361471,"Hier leben rund <b> 42 650 deutsche Personen</b> zwischen 30 und 49 Jahren. Zwischen 2022 und 2024 sind <b>  834 mehr 30- bis 49-Jährige</b> zugezogen als fortgezogen. Das entspricht einem durchschnittlichen jährlichen Wanderungssaldo von <b>+0,7 je 100 Personen</b>."
"08435","Bodenseekreis",0.447681356211167,"Hier leben rund <b> 40 500 deutsche Personen</b> zwischen 30 und 49 Jahren. Zwischen 2022 und 2024 sind <b>  544 mehr 30- bis 49-Jährige</b> zugezogen als fortgezogen. Das entspricht einem durchschnittlichen jährlichen Wanderungssaldo von <b>+0,4 je 100 Personen</b>."
"08436","Ravensburg",0.542662916080638,"Hier leben rund <b> 56 880 deutsche Personen</b> zwischen 30 und 49 Jahren. Zwischen 2022 und 2024 sind <b>  926 mehr 30- bis 49-Jährige</b> zugezogen als fortgezogen. Das entspricht einem durchschnittlichen jährlichen Wanderungssaldo von <b>+0,5 je 100 Personen</b>."
"08437","Sigmaringen",0.63342815002107,"Hier leben rund <b> 25 310 deutsche Personen</b> zwischen 30 und 49 Jahren. Zwischen 2022 und 2024 sind <b>  481 mehr 30- bis 49-Jährige</b> zugezogen als fortgezogen. Das entspricht einem durchschnittlichen jährlichen Wanderungssaldo von <b>+0,6 je 100 Personen</b>."
"09161","Ingolstadt",-1.70586837728677,"Hier leben rund <b> 28 060 deutsche Personen</b> zwischen 30 und 49 Jahren. Zwischen 2022 und 2024 sind <b> 1436 mehr 30- bis 49-Jährige</b> fortgezogen als zugezogen. Das entspricht einem durchschnittlichen jährlichen Wanderungssaldo von <b>-1,7 je 100 Personen</b>."
"09162","München, Landeshauptstadt",-2.51769401053846,"Hier leben rund <b>299 350 deutsche Personen</b> zwischen 30 und 49 Jahren. Zwischen 2022 und 2024 sind <b>22 610 mehr 30- bis 49-Jährige</b> fortgezogen als zugezogen. Das entspricht einem durchschnittlichen jährlichen Wanderungssaldo von <b>-2,5 je 100 Personen</b>."
"09163","Rosenheim, Stadt",-0.74292486919319,"Hier leben rund <b> 11 530 deutsche Personen</b> zwischen 30 und 49 Jahren. Zwischen 2022 und 2024 sind <b>  257 mehr 30- bis 49-Jährige</b> fortgezogen als zugezogen. Das entspricht einem durchschnittlichen jährlichen Wanderungssaldo von <b>-0,7 je 100 Personen</b>."
"09171","Altötting",0.893757447978733,"Hier leben rund <b> 21 820 deutsche Personen</b> zwischen 30 und 49 Jahren. Zwischen 2022 und 2024 sind <b>  585 mehr 30- bis 49-Jährige</b> zugezogen als fortgezogen. Das entspricht einem durchschnittlichen jährlichen Wanderungssaldo von <b>+0,9 je 100 Personen</b>."
"09172","Berchtesgadener Land",0.515651856867545,"Hier leben rund <b> 19 200 deutsche Personen</b> zwischen 30 und 49 Jahren. Zwischen 2022 und 2024 sind <b>  297 mehr 30- bis 49-Jährige</b> zugezogen als fortgezogen. Das entspricht einem durchschnittlichen jährlichen Wanderungssaldo von <b>+0,5 je 100 Personen</b>."
"09173","Bad Tölz-Wolfratshausen",0.917964364491289,"Hier leben rund <b> 25 240 deutsche Personen</b> zwischen 30 und 49 Jahren. Zwischen 2022 und 2024 sind <b>  695 mehr 30- bis 49-Jährige</b> zugezogen als fortgezogen. Das entspricht einem durchschnittlichen jährlichen Wanderungssaldo von <b>+0,9 je 100 Personen</b>."
"09174","Dachau",0.187527776874465,"Hier leben rund <b> 30 750 deutsche Personen</b> zwischen 30 und 49 Jahren. Zwischen 2022 und 2024 sind <b>  173 mehr 30- bis 49-Jährige</b> zugezogen als fortgezogen. Das entspricht einem durchschnittlichen jährlichen Wanderungssaldo von <b>+0,2 je 100 Personen</b>."
"09175","Ebersberg",0.622843888712279,"Hier leben rund <b> 28 310 deutsche Personen</b> zwischen 30 und 49 Jahren. Zwischen 2022 und 2024 sind <b>  529 mehr 30- bis 49-Jährige</b> zugezogen als fortgezogen. Das entspricht einem durchschnittlichen jährlichen Wanderungssaldo von <b>+0,6 je 100 Personen</b>."
"09176","Eichstätt",0.599644903018324,"Hier leben rund <b> 29 850 deutsche Personen</b> zwischen 30 und 49 Jahren. Zwischen 2022 und 2024 sind <b>  537 mehr 30- bis 49-Jährige</b> zugezogen als fortgezogen. Das entspricht einem durchschnittlichen jährlichen Wanderungssaldo von <b>+0,6 je 100 Personen</b>."
"09177","Erding",0.52888341768112,"Hier leben rund <b> 29 240 deutsche Personen</b> zwischen 30 und 49 Jahren. Zwischen 2022 und 2024 sind <b>  464 mehr 30- bis 49-Jährige</b> zugezogen als fortgezogen. Das entspricht einem durchschnittlichen jährlichen Wanderungssaldo von <b>+0,5 je 100 Personen</b>."
"09178","Freising",-0.239728858394643,"Hier leben rund <b> 36 290 deutsche Personen</b> zwischen 30 und 49 Jahren. Zwischen 2022 und 2024 sind <b>  261 mehr 30- bis 49-Jährige</b> fortgezogen als zugezogen. Das entspricht einem durchschnittlichen jährlichen Wanderungssaldo von <b>-0,2 je 100 Personen</b>."
"09179","Fürstenfeldbruck",0.406324240190055,"Hier leben rund <b> 40 690 deutsche Personen</b> zwischen 30 und 49 Jahren. Zwischen 2022 und 2024 sind <b>  496 mehr 30- bis 49-Jährige</b> zugezogen als fortgezogen. Das entspricht einem durchschnittlichen jährlichen Wanderungssaldo von <b>+0,4 je 100 Personen</b>."
"09180","Garmisch-Partenkirchen",0.84635818866992,"Hier leben rund <b> 16 190 deutsche Personen</b> zwischen 30 und 49 Jahren. Zwischen 2022 und 2024 sind <b>  411 mehr 30- bis 49-Jährige</b> zugezogen als fortgezogen. Das entspricht einem durchschnittlichen jährlichen Wanderungssaldo von <b>+0,8 je 100 Personen</b>."
"09181","Landsberg am Lech",1.69777668858664,"Hier leben rund <b> 24 480 deutsche Personen</b> zwischen 30 und 49 Jahren. Zwischen 2022 und 2024 sind <b> 1247 mehr 30- bis 49-Jährige</b> zugezogen als fortgezogen. Das entspricht einem durchschnittlichen jährlichen Wanderungssaldo von <b>+1,7 je 100 Personen</b>."
"09182","Miesbach",1.03196940174641,"Hier leben rund <b> 18 480 deutsche Personen</b> zwischen 30 und 49 Jahren. Zwischen 2022 und 2024 sind <b>  572 mehr 30- bis 49-Jährige</b> zugezogen als fortgezogen. Das entspricht einem durchschnittlichen jährlichen Wanderungssaldo von <b>+1,0 je 100 Personen</b>."
"09183","Mühldorf a.Inn",0.727141528939955,"Hier leben rund <b> 24 020 deutsche Personen</b> zwischen 30 und 49 Jahren. Zwischen 2022 und 2024 sind <b>  524 mehr 30- bis 49-Jährige</b> zugezogen als fortgezogen. Das entspricht einem durchschnittlichen jährlichen Wanderungssaldo von <b>+0,7 je 100 Personen</b>."
"09184","München, Landkreis",0.37992243907053,"Hier leben rund <b> 63 430 deutsche Personen</b> zwischen 30 und 49 Jahren. Zwischen 2022 und 2024 sind <b>  723 mehr 30- bis 49-Jährige</b> zugezogen als fortgezogen. Das entspricht einem durchschnittlichen jährlichen Wanderungssaldo von <b>+0,4 je 100 Personen</b>."
"09185","Neuburg-Schrobenhausen",0.748233782915864,"Hier leben rund <b> 20 760 deutsche Personen</b> zwischen 30 und 49 Jahren. Zwischen 2022 und 2024 sind <b>  466 mehr 30- bis 49-Jährige</b> zugezogen als fortgezogen. Das entspricht einem durchschnittlichen jährlichen Wanderungssaldo von <b>+0,7 je 100 Personen</b>."
"09186","Pfaffenhofen a.d.Ilm",0.730145073014507,"Hier leben rund <b> 27 890 deutsche Personen</b> zwischen 30 und 49 Jahren. Zwischen 2022 und 2024 sind <b>  611 mehr 30- bis 49-Jährige</b> zugezogen als fortgezogen. Das entspricht einem durchschnittlichen jährlichen Wanderungssaldo von <b>+0,7 je 100 Personen</b>."
"09187","Rosenheim, Landkreis",1.08503215392226,"Hier leben rund <b> 51 210 deutsche Personen</b> zwischen 30 und 49 Jahren. Zwischen 2022 und 2024 sind <b> 1667 mehr 30- bis 49-Jährige</b> zugezogen als fortgezogen. Das entspricht einem durchschnittlichen jährlichen Wanderungssaldo von <b>+1,1 je 100 Personen</b>."
"09188","Starnberg",2.03412893461629,"Hier leben rund <b> 24 010 deutsche Personen</b> zwischen 30 und 49 Jahren. Zwischen 2022 und 2024 sind <b> 1465 mehr 30- bis 49-Jährige</b> zugezogen als fortgezogen. Das entspricht einem durchschnittlichen jährlichen Wanderungssaldo von <b>+2,0 je 100 Personen</b>."
"09189","Traunstein",0.906202189007885,"Hier leben rund <b> 33 990 deutsche Personen</b> zwischen 30 und 49 Jahren. Zwischen 2022 und 2024 sind <b>  924 mehr 30- bis 49-Jährige</b> zugezogen als fortgezogen. Das entspricht einem durchschnittlichen jährlichen Wanderungssaldo von <b>+0,9 je 100 Personen</b>."
"09190","Weilheim-Schongau",1.14980209319832,"Hier leben rund <b> 27 450 deutsche Personen</b> zwischen 30 und 49 Jahren. Zwischen 2022 und 2024 sind <b>  947 mehr 30- bis 49-Jährige</b> zugezogen als fortgezogen. Das entspricht einem durchschnittlichen jährlichen Wanderungssaldo von <b>+1,1 je 100 Personen</b>."
"09261","Landshut, Stadt",-1.13888010123379,"Hier leben rund <b> 12 640 deutsche Personen</b> zwischen 30 und 49 Jahren. Zwischen 2022 und 2024 sind <b>  432 mehr 30- bis 49-Jährige</b> fortgezogen als zugezogen. Das entspricht einem durchschnittlichen jährlichen Wanderungssaldo von <b>-1,1 je 100 Personen</b>."
"09262","Passau, Stadt",-1.70619599191028,"Hier leben rund <b>  9060 deutsche Personen</b> zwischen 30 und 49 Jahren. Zwischen 2022 und 2024 sind <b>  464 mehr 30- bis 49-Jährige</b> fortgezogen als zugezogen. Das entspricht einem durchschnittlichen jährlichen Wanderungssaldo von <b>-1,7 je 100 Personen</b>."
"09263","Straubing",-0.501282350198181,"Hier leben rund <b>  8580 deutsche Personen</b> zwischen 30 und 49 Jahren. Zwischen 2022 und 2024 sind <b>  129 mehr 30- bis 49-Jährige</b> fortgezogen als zugezogen. Das entspricht einem durchschnittlichen jährlichen Wanderungssaldo von <b>-0,5 je 100 Personen</b>."
"09271","Deggendorf",0.495216505417696,"Hier leben rund <b> 24 700 deutsche Personen</b> zwischen 30 und 49 Jahren. Zwischen 2022 und 2024 sind <b>  367 mehr 30- bis 49-Jährige</b> zugezogen als fortgezogen. Das entspricht einem durchschnittlichen jährlichen Wanderungssaldo von <b>+0,5 je 100 Personen</b>."
"09272","Freyung-Grafenau",0.650525502632595,"Hier leben rund <b> 16 400 deutsche Personen</b> zwischen 30 und 49 Jahren. Zwischen 2022 und 2024 sind <b>  320 mehr 30- bis 49-Jährige</b> zugezogen als fortgezogen. Das entspricht einem durchschnittlichen jährlichen Wanderungssaldo von <b>+0,7 je 100 Personen</b>."
"09273","Kelheim",0.390252815954684,"Hier leben rund <b> 25 540 deutsche Personen</b> zwischen 30 und 49 Jahren. Zwischen 2022 und 2024 sind <b>  299 mehr 30- bis 49-Jährige</b> zugezogen als fortgezogen. Das entspricht einem durchschnittlichen jährlichen Wanderungssaldo von <b>+0,4 je 100 Personen</b>."
"09274","Landshut, Landkreis",1.02350414721122,"Hier leben rund <b> 33 840 deutsche Personen</b> zwischen 30 und 49 Jahren. Zwischen 2022 und 2024 sind <b> 1039 mehr 30- bis 49-Jährige</b> zugezogen als fortgezogen. Das entspricht einem durchschnittlichen jährlichen Wanderungssaldo von <b>+1,0 je 100 Personen</b>."
"09275","Passau, Landkreis",0.638325035107877,"Hier leben rund <b> 39 160 deutsche Personen</b> zwischen 30 und 49 Jahren. Zwischen 2022 und 2024 sind <b>  750 mehr 30- bis 49-Jährige</b> zugezogen als fortgezogen. Das entspricht einem durchschnittlichen jährlichen Wanderungssaldo von <b>+0,6 je 100 Personen</b>."
"09276","Regen",0.477543122967354,"Hier leben rund <b> 16 190 deutsche Personen</b> zwischen 30 und 49 Jahren. Zwischen 2022 und 2024 sind <b>  232 mehr 30- bis 49-Jährige</b> zugezogen als fortgezogen. Das entspricht einem durchschnittlichen jährlichen Wanderungssaldo von <b>+0,5 je 100 Personen</b>."
"09277","Rottal-Inn",0.806643940350434,"Hier leben rund <b> 23 760 deutsche Personen</b> zwischen 30 und 49 Jahren. Zwischen 2022 und 2024 sind <b>  575 mehr 30- bis 49-Jährige</b> zugezogen als fortgezogen. Das entspricht einem durchschnittlichen jährlichen Wanderungssaldo von <b>+0,8 je 100 Personen</b>."
"09278","Straubing-Bogen",0.894614421184469,"Hier leben rund <b> 22 360 deutsche Personen</b> zwischen 30 und 49 Jahren. Zwischen 2022 und 2024 sind <b>  600 mehr 30- bis 49-Jährige</b> zugezogen als fortgezogen. Das entspricht einem durchschnittlichen jährlichen Wanderungssaldo von <b>+0,9 je 100 Personen</b>."
"09279","Dingolfing-Landau",0.745784695201038,"Hier leben rund <b> 20 560 deutsche Personen</b> zwischen 30 und 49 Jahren. Zwischen 2022 und 2024 sind <b>  460 mehr 30- bis 49-Jährige</b> zugezogen als fortgezogen. Das entspricht einem durchschnittlichen jährlichen Wanderungssaldo von <b>+0,7 je 100 Personen</b>."
"09361","Amberg",-0.15469793193291,"Hier leben rund <b>  8190 deutsche Personen</b> zwischen 30 und 49 Jahren. Zwischen 2022 und 2024 sind <b>   38 mehr 30- bis 49-Jährige</b> fortgezogen als zugezogen. Das entspricht einem durchschnittlichen jährlichen Wanderungssaldo von <b>-0,2 je 100 Personen</b>."
"09362","Regensburg, Stadt",-2.59173475733985,"Hier leben rund <b> 31 090 deutsche Personen</b> zwischen 30 und 49 Jahren. Zwischen 2022 und 2024 sind <b> 2417 mehr 30- bis 49-Jährige</b> fortgezogen als zugezogen. Das entspricht einem durchschnittlichen jährlichen Wanderungssaldo von <b>-2,6 je 100 Personen</b>."
"09363","Weiden i.d.OPf.",-1.1485674005888,"Hier leben rund <b>  8040 deutsche Personen</b> zwischen 30 und 49 Jahren. Zwischen 2022 und 2024 sind <b>  277 mehr 30- bis 49-Jährige</b> fortgezogen als zugezogen. Das entspricht einem durchschnittlichen jährlichen Wanderungssaldo von <b>-1,1 je 100 Personen</b>."
"09371","Amberg-Sulzbach",0.899384232717566,"Hier leben rund <b> 21 980 deutsche Personen</b> zwischen 30 und 49 Jahren. Zwischen 2022 und 2024 sind <b>  593 mehr 30- bis 49-Jährige</b> zugezogen als fortgezogen. Das entspricht einem durchschnittlichen jährlichen Wanderungssaldo von <b>+0,9 je 100 Personen</b>."
"09372","Cham",0.375307207109045,"Hier leben rund <b> 27 530 deutsche Personen</b> zwischen 30 und 49 Jahren. Zwischen 2022 und 2024 sind <b>  310 mehr 30- bis 49-Jährige</b> zugezogen als fortgezogen. Das entspricht einem durchschnittlichen jährlichen Wanderungssaldo von <b>+0,4 je 100 Personen</b>."
"09373","Neumarkt i.d.OPf.",0.768671444894567,"Hier leben rund <b> 28 880 deutsche Personen</b> zwischen 30 und 49 Jahren. Zwischen 2022 und 2024 sind <b>  666 mehr 30- bis 49-Jährige</b> zugezogen als fortgezogen. Das entspricht einem durchschnittlichen jährlichen Wanderungssaldo von <b>+0,8 je 100 Personen</b>."
"09374","Neustadt a.d.Waldnaab",0.707866062196771,"Hier leben rund <b> 20 960 deutsche Personen</b> zwischen 30 und 49 Jahren. Zwischen 2022 und 2024 sind <b>  445 mehr 30- bis 49-Jährige</b> zugezogen als fortgezogen. Das entspricht einem durchschnittlichen jährlichen Wanderungssaldo von <b>+0,7 je 100 Personen</b>."
"09375","Regensburg, Landkreis",1.30709379171143,"Hier leben rund <b> 40 960 deutsche Personen</b> zwischen 30 und 49 Jahren. Zwischen 2022 und 2024 sind <b> 1606 mehr 30- bis 49-Jährige</b> zugezogen als fortgezogen. Das entspricht einem durchschnittlichen jährlichen Wanderungssaldo von <b>+1,3 je 100 Personen</b>."
"09376","Schwandorf",0.697169134708687,"Hier leben rund <b> 31 600 deutsche Personen</b> zwischen 30 und 49 Jahren. Zwischen 2022 und 2024 sind <b>  661 mehr 30- bis 49-Jährige</b> zugezogen als fortgezogen. Das entspricht einem durchschnittlichen jährlichen Wanderungssaldo von <b>+0,7 je 100 Personen</b>."
"09377","Tirschenreuth",0.395138083580295,"Hier leben rund <b> 15 520 deutsche Personen</b> zwischen 30 und 49 Jahren. Zwischen 2022 und 2024 sind <b>  184 mehr 30- bis 49-Jährige</b> zugezogen als fortgezogen. Das entspricht einem durchschnittlichen jährlichen Wanderungssaldo von <b>+0,4 je 100 Personen</b>."
"09461","Bamberg, Stadt",-1.08672261674198,"Hier leben rund <b> 15 490 deutsche Personen</b> zwischen 30 und 49 Jahren. Zwischen 2022 und 2024 sind <b>  505 mehr 30- bis 49-Jährige</b> fortgezogen als zugezogen. Das entspricht einem durchschnittlichen jährlichen Wanderungssaldo von <b>-1,1 je 100 Personen</b>."
"09462","Bayreuth, Stadt",-2.17620907326898,"Hier leben rund <b> 13 570 deutsche Personen</b> zwischen 30 und 49 Jahren. Zwischen 2022 und 2024 sind <b>  886 mehr 30- bis 49-Jährige</b> fortgezogen als zugezogen. Das entspricht einem durchschnittlichen jährlichen Wanderungssaldo von <b>-2,2 je 100 Personen</b>."
"09463","Coburg, Stadt",-0.435811231478023,"Hier leben rund <b>  8030 deutsche Personen</b> zwischen 30 und 49 Jahren. Zwischen 2022 und 2024 sind <b>  105 mehr 30- bis 49-Jährige</b> fortgezogen als zugezogen. Das entspricht einem durchschnittlichen jährlichen Wanderungssaldo von <b>-0,4 je 100 Personen</b>."
"09464","Hof, Stadt",-0.90066570943741,"Hier leben rund <b>  7660 deutsche Personen</b> zwischen 30 und 49 Jahren. Zwischen 2022 und 2024 sind <b>  207 mehr 30- bis 49-Jährige</b> fortgezogen als zugezogen. Das entspricht einem durchschnittlichen jährlichen Wanderungssaldo von <b>-0,9 je 100 Personen</b>."
"09471","Bamberg, Landkreis",0.735388472662304,"Hier leben rund <b> 33 770 deutsche Personen</b> zwischen 30 und 49 Jahren. Zwischen 2022 und 2024 sind <b>  745 mehr 30- bis 49-Jährige</b> zugezogen als fortgezogen. Das entspricht einem durchschnittlichen jährlichen Wanderungssaldo von <b>+0,7 je 100 Personen</b>."
"09472","Bayreuth, Landkreis",0.88,"Hier leben rund <b> 22 500 deutsche Personen</b> zwischen 30 und 49 Jahren. Zwischen 2022 und 2024 sind <b>  594 mehr 30- bis 49-Jährige</b> zugezogen als fortgezogen. Das entspricht einem durchschnittlichen jährlichen Wanderungssaldo von <b>+0,9 je 100 Personen</b>."
"09473","Coburg, Landkreis",0.798979082283749,"Hier leben rund <b> 18 020 deutsche Personen</b> zwischen 30 und 49 Jahren. Zwischen 2022 und 2024 sind <b>  432 mehr 30- bis 49-Jährige</b> zugezogen als fortgezogen. Das entspricht einem durchschnittlichen jährlichen Wanderungssaldo von <b>+0,8 je 100 Personen</b>."
"09474","Forchheim",0.662278237135747,"Hier leben rund <b> 24 910 deutsche Personen</b> zwischen 30 und 49 Jahren. Zwischen 2022 und 2024 sind <b>  495 mehr 30- bis 49-Jährige</b> zugezogen als fortgezogen. Das entspricht einem durchschnittlichen jährlichen Wanderungssaldo von <b>+0,7 je 100 Personen</b>."
"09475","Hof, Landkreis",1.07408629348583,"Hier leben rund <b> 18 190 deutsche Personen</b> zwischen 30 und 49 Jahren. Zwischen 2022 und 2024 sind <b>  586 mehr 30- bis 49-Jährige</b> zugezogen als fortgezogen. Das entspricht einem durchschnittlichen jährlichen Wanderungssaldo von <b>+1,1 je 100 Personen</b>."
"09476","Kronach",0.325554810010189,"Hier leben rund <b> 13 410 deutsche Personen</b> zwischen 30 und 49 Jahren. Zwischen 2022 und 2024 sind <b>  131 mehr 30- bis 49-Jährige</b> zugezogen als fortgezogen. Das entspricht einem durchschnittlichen jährlichen Wanderungssaldo von <b>+0,3 je 100 Personen</b>."
"09477","Kulmbach",0.571156592099,"Hier leben rund <b> 14 710 deutsche Personen</b> zwischen 30 und 49 Jahren. Zwischen 2022 und 2024 sind <b>  252 mehr 30- bis 49-Jährige</b> zugezogen als fortgezogen. Das entspricht einem durchschnittlichen jährlichen Wanderungssaldo von <b>+0,6 je 100 Personen</b>."
"09478","Lichtenfels",0.667945711646415,"Hier leben rund <b> 14 070 deutsche Personen</b> zwischen 30 und 49 Jahren. Zwischen 2022 und 2024 sind <b>  282 mehr 30- bis 49-Jährige</b> zugezogen als fortgezogen. Das entspricht einem durchschnittlichen jährlichen Wanderungssaldo von <b>+0,7 je 100 Personen</b>."
"09479","Wunsiedel i.Fichtelgebirge",0.535342771603998,"Hier leben rund <b> 13 140 deutsche Personen</b> zwischen 30 und 49 Jahren. Zwischen 2022 und 2024 sind <b>  211 mehr 30- bis 49-Jährige</b> zugezogen als fortgezogen. Das entspricht einem durchschnittlichen jährlichen Wanderungssaldo von <b>+0,5 je 100 Personen</b>."
"09561","Ansbach, Stadt",-0.993171942892613,"Hier leben rund <b>  7520 deutsche Personen</b> zwischen 30 und 49 Jahren. Zwischen 2022 und 2024 sind <b>  224 mehr 30- bis 49-Jährige</b> fortgezogen als zugezogen. Das entspricht einem durchschnittlichen jährlichen Wanderungssaldo von <b>-1,0 je 100 Personen</b>."
"09562","Erlangen",-2.44624817892192,"Hier leben rund <b> 20 820 deutsche Personen</b> zwischen 30 und 49 Jahren. Zwischen 2022 und 2024 sind <b> 1528 mehr 30- bis 49-Jährige</b> fortgezogen als zugezogen. Das entspricht einem durchschnittlichen jährlichen Wanderungssaldo von <b>-2,4 je 100 Personen</b>."
"09563","Fürth, Stadt",-0.778249064724798,"Hier leben rund <b> 26 640 deutsche Personen</b> zwischen 30 und 49 Jahren. Zwischen 2022 und 2024 sind <b>  622 mehr 30- bis 49-Jährige</b> fortgezogen als zugezogen. Das entspricht einem durchschnittlichen jährlichen Wanderungssaldo von <b>-0,8 je 100 Personen</b>."
"09564","Nürnberg",-1.7065250081947,"Hier leben rund <b> 98 640 deutsche Personen</b> zwischen 30 und 49 Jahren. Zwischen 2022 und 2024 sind <b> 5050 mehr 30- bis 49-Jährige</b> fortgezogen als zugezogen. Das entspricht einem durchschnittlichen jährlichen Wanderungssaldo von <b>-1,7 je 100 Personen</b>."
"09565","Schwabach",-0.11446012972148,"Hier leben rund <b>  7860 deutsche Personen</b> zwischen 30 und 49 Jahren. Zwischen 2022 und 2024 sind <b>   27 mehr 30- bis 49-Jährige</b> fortgezogen als zugezogen. Das entspricht einem durchschnittlichen jährlichen Wanderungssaldo von <b>-0,1 je 100 Personen</b>."
"09571","Ansbach, Landkreis",0.836097643956792,"Hier leben rund <b> 39 190 deutsche Personen</b> zwischen 30 und 49 Jahren. Zwischen 2022 und 2024 sind <b>  983 mehr 30- bis 49-Jährige</b> zugezogen als fortgezogen. Das entspricht einem durchschnittlichen jährlichen Wanderungssaldo von <b>+0,8 je 100 Personen</b>."
"09572","Erlangen-Höchstadt",0.830782684739834,"Hier leben rund <b> 29 730 deutsche Personen</b> zwischen 30 und 49 Jahren. Zwischen 2022 und 2024 sind <b>  741 mehr 30- bis 49-Jährige</b> zugezogen als fortgezogen. Das entspricht einem durchschnittlichen jährlichen Wanderungssaldo von <b>+0,8 je 100 Personen</b>."
"09573","Fürth, Landkreis",1.0805882904986,"Hier leben rund <b> 24 860 deutsche Personen</b> zwischen 30 und 49 Jahren. Zwischen 2022 und 2024 sind <b>  806 mehr 30- bis 49-Jährige</b> zugezogen als fortgezogen. Das entspricht einem durchschnittlichen jährlichen Wanderungssaldo von <b>+1,1 je 100 Personen</b>."
"09574","Nürnberger Land",1.06082834894481,"Hier leben rund <b> 35 440 deutsche Personen</b> zwischen 30 und 49 Jahren. Zwischen 2022 und 2024 sind <b> 1128 mehr 30- bis 49-Jährige</b> zugezogen als fortgezogen. Das entspricht einem durchschnittlichen jährlichen Wanderungssaldo von <b>+1,1 je 100 Personen</b>."
"09575","Neustadt a.d.Aisch-Bad Windsheim",0.940578328566889,"Hier leben rund <b> 20 980 deutsche Personen</b> zwischen 30 und 49 Jahren. Zwischen 2022 und 2024 sind <b>  592 mehr 30- bis 49-Jährige</b> zugezogen als fortgezogen. Das entspricht einem durchschnittlichen jährlichen Wanderungssaldo von <b>+0,9 je 100 Personen</b>."
"09576","Roth",1.38295783635203,"Hier leben rund <b> 27 160 deutsche Personen</b> zwischen 30 und 49 Jahren. Zwischen 2022 und 2024 sind <b> 1127 mehr 30- bis 49-Jährige</b> zugezogen als fortgezogen. Das entspricht einem durchschnittlichen jährlichen Wanderungssaldo von <b>+1,4 je 100 Personen</b>."
"09577","Weißenburg-Gunzenhausen",0.837914287239152,"Hier leben rund <b> 18 740 deutsche Personen</b> zwischen 30 und 49 Jahren. Zwischen 2022 und 2024 sind <b>  471 mehr 30- bis 49-Jährige</b> zugezogen als fortgezogen. Das entspricht einem durchschnittlichen jährlichen Wanderungssaldo von <b>+0,8 je 100 Personen</b>."
"09661","Aschaffenburg, Stadt",-1.02709069493522,"Hier leben rund <b> 14 150 deutsche Personen</b> zwischen 30 und 49 Jahren. Zwischen 2022 und 2024 sind <b>  436 mehr 30- bis 49-Jährige</b> fortgezogen als zugezogen. Das entspricht einem durchschnittlichen jährlichen Wanderungssaldo von <b>-1,0 je 100 Personen</b>."
"09662","Schweinfurt, Stadt",-1.18551746235181,"Hier leben rund <b>  9360 deutsche Personen</b> zwischen 30 und 49 Jahren. Zwischen 2022 und 2024 sind <b>  333 mehr 30- bis 49-Jährige</b> fortgezogen als zugezogen. Das entspricht einem durchschnittlichen jährlichen Wanderungssaldo von <b>-1,2 je 100 Personen</b>."
"09663","Würzburg, Stadt",-3.13552418815577,"Hier leben rund <b> 27 420 deutsche Personen</b> zwischen 30 und 49 Jahren. Zwischen 2022 und 2024 sind <b> 2579 mehr 30- bis 49-Jährige</b> fortgezogen als zugezogen. Das entspricht einem durchschnittlichen jährlichen Wanderungssaldo von <b>-3,1 je 100 Personen</b>."
"09671","Aschaffenburg",0.835888239717707,"Hier leben rund <b> 34 570 deutsche Personen</b> zwischen 30 und 49 Jahren. Zwischen 2022 und 2024 sind <b>  867 mehr 30- bis 49-Jährige</b> zugezogen als fortgezogen. Das entspricht einem durchschnittlichen jährlichen Wanderungssaldo von <b>+0,8 je 100 Personen</b>."
"09672","Aschaffenburg, Landkreis",0.570781793192659,"Hier leben rund <b> 20 620 deutsche Personen</b> zwischen 30 und 49 Jahren. Zwischen 2022 und 2024 sind <b>  353 mehr 30- bis 49-Jährige</b> zugezogen als fortgezogen. Das entspricht einem durchschnittlichen jährlichen Wanderungssaldo von <b>+0,6 je 100 Personen</b>."
"09673","Rhön-Grabfeld",0.514133593448353,"Hier leben rund <b> 16 400 deutsche Personen</b> zwischen 30 und 49 Jahren. Zwischen 2022 und 2024 sind <b>  253 mehr 30- bis 49-Jährige</b> zugezogen als fortgezogen. Das entspricht einem durchschnittlichen jährlichen Wanderungssaldo von <b>+0,5 je 100 Personen</b>."
"09674","Haßberge",0.516114863009938,"Hier leben rund <b> 18 210 deutsche Personen</b> zwischen 30 und 49 Jahren. Zwischen 2022 und 2024 sind <b>  282 mehr 30- bis 49-Jährige</b> zugezogen als fortgezogen. Das entspricht einem durchschnittlichen jährlichen Wanderungssaldo von <b>+0,5 je 100 Personen</b>."
"09675","Kitzingen",0.838985445810372,"Hier leben rund <b> 18 870 deutsche Personen</b> zwischen 30 und 49 Jahren. Zwischen 2022 und 2024 sind <b>  475 mehr 30- bis 49-Jährige</b> zugezogen als fortgezogen. Das entspricht einem durchschnittlichen jährlichen Wanderungssaldo von <b>+0,8 je 100 Personen</b>."
"09676","Miltenberg",0.477700614186504,"Hier leben rund <b> 24 910 deutsche Personen</b> zwischen 30 und 49 Jahren. Zwischen 2022 und 2024 sind <b>  357 mehr 30- bis 49-Jährige</b> zugezogen als fortgezogen. Das entspricht einem durchschnittlichen jährlichen Wanderungssaldo von <b>+0,5 je 100 Personen</b>."
"09677","Main-Spessart",0.694772167164805,"Hier leben rund <b> 25 430 deutsche Personen</b> zwischen 30 und 49 Jahren. Zwischen 2022 und 2024 sind <b>  530 mehr 30- bis 49-Jährige</b> zugezogen als fortgezogen. Das entspricht einem durchschnittlichen jährlichen Wanderungssaldo von <b>+0,7 je 100 Personen</b>."
"09678","Schweinfurt, Landkreis",0.752377015295577,"Hier leben rund <b> 24 190 deutsche Personen</b> zwischen 30 und 49 Jahren. Zwischen 2022 und 2024 sind <b>  546 mehr 30- bis 49-Jährige</b> zugezogen als fortgezogen. Das entspricht einem durchschnittlichen jährlichen Wanderungssaldo von <b>+0,8 je 100 Personen</b>."
"09679","Würzburg, Landkreis",0.961935787663005,"Hier leben rund <b> 34 690 deutsche Personen</b> zwischen 30 und 49 Jahren. Zwischen 2022 und 2024 sind <b> 1001 mehr 30- bis 49-Jährige</b> zugezogen als fortgezogen. Das entspricht einem durchschnittlichen jährlichen Wanderungssaldo von <b>+1,0 je 100 Personen</b>."
"09761","Augsburg, Stadt",-1.81960359710066,"Hier leben rund <b> 55 420 deutsche Personen</b> zwischen 30 und 49 Jahren. Zwischen 2022 und 2024 sind <b> 3025 mehr 30- bis 49-Jährige</b> fortgezogen als zugezogen. Das entspricht einem durchschnittlichen jährlichen Wanderungssaldo von <b>-1,8 je 100 Personen</b>."
"09762","Kaufbeuren",-0.032186682760008,"Hier leben rund <b>  8280 deutsche Personen</b> zwischen 30 und 49 Jahren. Zwischen 2022 und 2024 sind <b>    8 mehr 30- bis 49-Jährige</b> fortgezogen als zugezogen. Das entspricht einem durchschnittlichen jährlichen Wanderungssaldo von <b>0,0 je 100 Personen</b>."
"09763","Kempten (Allgäu)",-0.788593277043173,"Hier leben rund <b> 12 550 deutsche Personen</b> zwischen 30 und 49 Jahren. Zwischen 2022 und 2024 sind <b>  297 mehr 30- bis 49-Jährige</b> fortgezogen als zugezogen. Das entspricht einem durchschnittlichen jährlichen Wanderungssaldo von <b>-0,8 je 100 Personen</b>."
"09764","Memmingen",-0.558634644145333,"Hier leben rund <b>  7580 deutsche Personen</b> zwischen 30 und 49 Jahren. Zwischen 2022 und 2024 sind <b>  127 mehr 30- bis 49-Jährige</b> fortgezogen als zugezogen. Das entspricht einem durchschnittlichen jährlichen Wanderungssaldo von <b>-0,6 je 100 Personen</b>."
"09771","Aichach-Friedberg",1.08881521549468,"Hier leben rund <b> 28 660 deutsche Personen</b> zwischen 30 und 49 Jahren. Zwischen 2022 und 2024 sind <b>  936 mehr 30- bis 49-Jährige</b> zugezogen als fortgezogen. Das entspricht einem durchschnittlichen jährlichen Wanderungssaldo von <b>+1,1 je 100 Personen</b>."
"09772","Augsburg, Landkreis",1.10747733016203,"Hier leben rund <b> 53 820 deutsche Personen</b> zwischen 30 und 49 Jahren. Zwischen 2022 und 2024 sind <b> 1788 mehr 30- bis 49-Jährige</b> zugezogen als fortgezogen. Das entspricht einem durchschnittlichen jährlichen Wanderungssaldo von <b>+1,1 je 100 Personen</b>."
"09773","Dillingen a.d.Donau",0.850502113723328,"Hier leben rund <b> 19 950 deutsche Personen</b> zwischen 30 und 49 Jahren. Zwischen 2022 und 2024 sind <b>  509 mehr 30- bis 49-Jährige</b> zugezogen als fortgezogen. Das entspricht einem durchschnittlichen jährlichen Wanderungssaldo von <b>+0,9 je 100 Personen</b>."
"09774","Günzburg",0.539794957492805,"Hier leben rund <b> 25 130 deutsche Personen</b> zwischen 30 und 49 Jahren. Zwischen 2022 und 2024 sind <b>  407 mehr 30- bis 49-Jährige</b> zugezogen als fortgezogen. Das entspricht einem durchschnittlichen jährlichen Wanderungssaldo von <b>+0,5 je 100 Personen</b>."
"09775","Neu-Ulm",0.570390046134489,"Hier leben rund <b> 35 760 deutsche Personen</b> zwischen 30 und 49 Jahren. Zwischen 2022 und 2024 sind <b>  612 mehr 30- bis 49-Jährige</b> zugezogen als fortgezogen. Das entspricht einem durchschnittlichen jährlichen Wanderungssaldo von <b>+0,6 je 100 Personen</b>."
"09776","Lindau (Bodensee)",0.793242432038419,"Hier leben rund <b> 15 550 deutsche Personen</b> zwischen 30 und 49 Jahren. Zwischen 2022 und 2024 sind <b>  370 mehr 30- bis 49-Jährige</b> zugezogen als fortgezogen. Das entspricht einem durchschnittlichen jährlichen Wanderungssaldo von <b>+0,8 je 100 Personen</b>."
"09777","Ostallgäu",1.15502365711105,"Hier leben rund <b> 28 740 deutsche Personen</b> zwischen 30 und 49 Jahren. Zwischen 2022 und 2024 sind <b>  996 mehr 30- bis 49-Jährige</b> zugezogen als fortgezogen. Das entspricht einem durchschnittlichen jährlichen Wanderungssaldo von <b>+1,2 je 100 Personen</b>."
"09778","Unterallgäu",0.986895138073194,"Hier leben rund <b> 28 950 deutsche Personen</b> zwischen 30 und 49 Jahren. Zwischen 2022 und 2024 sind <b>  857 mehr 30- bis 49-Jährige</b> zugezogen als fortgezogen. Das entspricht einem durchschnittlichen jährlichen Wanderungssaldo von <b>+1,0 je 100 Personen</b>."
"09779","Donau-Ries",0.741084386077606,"Hier leben rund <b> 28 020 deutsche Personen</b> zwischen 30 und 49 Jahren. Zwischen 2022 und 2024 sind <b>  623 mehr 30- bis 49-Jährige</b> zugezogen als fortgezogen. Das entspricht einem durchschnittlichen jährlichen Wanderungssaldo von <b>+0,7 je 100 Personen</b>."
"09780","Oberallgäu",1.04748678530289,"Hier leben rund <b> 30 960 deutsche Personen</b> zwischen 30 und 49 Jahren. Zwischen 2022 und 2024 sind <b>  973 mehr 30- bis 49-Jährige</b> zugezogen als fortgezogen. Das entspricht einem durchschnittlichen jährlichen Wanderungssaldo von <b>+1,0 je 100 Personen</b>."
